地區,大廈名單,個案最後到訪日期,相關個案編號
東區,鯉魚門公園及度假村,,13056
葵青,香港荃灣帝盛酒店,,13057
南區,嘉隆苑嘉昇閣,,13059
東區,鯉魚門公園及度假村,,13062
深水埗,元州街450-464號寶華閣,,13063
離島,竹篙灣檢疫中心,,13063
深水埗,大坑東邨東滿樓,,13064
離島,竹篙灣檢疫中心,,13064
深水埗,元州街450-464號寶華閣,,13065
離島,竹篙灣檢疫中心,,13065
深水埗,元州街450-464號寶華閣,,13066
離島,竹篙灣檢疫中心,,13066
深水埗,大坑東邨東滿樓,,13067
離島,竹篙灣檢疫中心,,13067
深水埗,元州街450-464號寶華閣,,13068
離島,竹篙灣檢疫中心,,13068
深水埗,大坑東邨東滿樓,,13069
離島,竹篙灣檢疫中心,,13069
深水埗,大坑東邨東滿樓,,13070
離島,竹篙灣檢疫中心,,13070
深水埗,大坑東邨東滿樓,,13071
離島,竹篙灣檢疫中心,,13071
深水埗,美孚新邨3期百老匯街72-74號,,13072
南區,嘉隆苑嘉昇閣,,13073
深水埗,大坑東邨東滿樓,,13074
深水埗,大坑東邨東滿樓,,13075
九龍城,富薈馬頭圍酒店,,13076
灣仔,銅鑼灣皇悦酒店,,13077
九龍城,富豪東方酒店,,13078
離島,映灣園1期賞濤軒1座,,13079
離島,富豪機場酒店,,13083
深水埗,元州街450-464號寶華閣,,13084
離島,竹篙灣檢疫中心,,13084
葵青,葵涌邨逸葵樓,,13085
離島,竹篙灣檢疫中心,,13086
離島,竹篙灣檢疫中心,,13087
觀塘,凱匯第3座,,13088
葵青,葵涌邨逸葵樓,,13090
離島,映灣園1期賞濤軒1座,,13091
荃灣,恆麗園6座,,13092
沙田,錦豐苑錦蓉閣,,13093
灣仔,港島英迪格酒店,,13095
九龍城,奧斯酒店,,13096
離島,映灣園2期賞濤軒7座,,13097
離島,映灣園2期賞濤軒7座,,13098
離島,映灣園2期賞濤軒7座,,13099
葵青,長康邨康貴樓,,13100
深水埗,富昌邨富悅樓,,13101
深水埗,長沙灣邨長欣樓,,13103
葵青,葵涌邨逸葵樓,,13104
荃灣,名逸居1座,,13107
東區,明華大廈1座,,13108
南區,香港仔中心港昌閣,,13110
葵青,葵涌邨逸葵樓,,13111
離島,竹篙灣檢疫中心,,13111
深水埗,美孚新邨3期百老匯街72-74號,,13112
離島,竹篙灣檢疫中心,,13112
葵青,葵涌邨逸葵樓,,13113
離島,竹篙灣檢疫中心,,13113
離島,老圍村,,13114
離島,富豪機場酒店,,13115
葵青,葵涌邨逸葵樓,,13116
葵青,葵涌邨逸葵樓,,13117
南區,嘉隆苑嘉昇閣,,13118
離島,竹篙灣檢疫中心,,13118
元朗,天盛苑盛謙閣,,13120
離島,竹篙灣檢疫中心,,13120
離島,映灣園1期賞濤軒1座,,13121
離島,竹篙灣檢疫中心,,13121
深水埗,美孚新邨3期百老匯街72-74號,,13122
離島,竹篙灣檢疫中心,,13122
南區,嘉隆苑嘉昇閣,,13123
離島,竹篙灣檢疫中心,,13123
深水埗,石硤尾邨美如樓,,13124
葵青,長康邨康貴樓,,13125
葵青,葵涌邨逸葵樓,,13126
葵青,葵涌邨映葵樓,,13127
葵青,葵涌邨逸葵樓,,13128
葵青,葵涌邨逸葵樓,,13129
葵青,葵涌邨逸葵樓,,13130
葵青,葵涌邨逸葵樓,,13131
深水埗,南昌街35-37號,,13132
葵青,葵涌邨逸葵樓,,13133
葵青,葵涌邨逸葵樓,,13134
荃灣,悅來酒店,,13134
離島,老圍村,,13135
觀塘,凱滙3座,,13136
離島,竹篙灣檢疫中心,,13136
離島,䃟石灣村,,13137
離島,老圍村,,13138
離島,龍田邨天寧樓,,13139
離島,裕玥閣A座,,13140
離島,香港東涌福朋喜來登酒店,,13141
沙田,錦豐苑錦蓉閣,,13142
離島,竹篙灣檢疫中心,,13142
葵青,長康邨康貴樓,,13143
離島,竹篙灣檢疫中心,,13143
觀塘,凱滙3座,,13144
離島,竹篙灣檢疫中心,,13144
葵青,葵涌邨映葵樓,,13145
葵青,大窩口邨富強樓,,13146
觀塘,藍田邨藍碧樓,,13147
深水埗,惠珍樓,,13148
離島,賞濤軒1座,,13149
離島,竹篙灣檢疫中心,,13149
離島,映濤軒7座,,13150
離島,竹篙灣檢疫中心,,13150
東區,香港大廈,,13151
離島,竹篙灣檢疫中心,,13151
離島,映濤軒7座,,13152
離島,竹篙灣檢疫中心,,13152
葵青,葵涌邨逸葵樓,,13153
離島,竹篙灣檢疫中心,,13153
南區,香港仔中心港昌閣,,13154
葵青,大窩口邨富德樓,,13155
沙田,水泉澳邨竹泉樓,,13156
中西區,高街 1A號,,13157
葵青,葵涌邨逸葵樓,,13158
葵青,葵涌邨映葵樓,,13159
葵青,葵涌邨逸葵樓,,13162
東區,鯉魚門公園及度假村,,13162
離島,藍天海岸影岸紅A座,,13163
葵青,葵涌邨映葵樓,,13167
葵青,葵涌邨逸葵樓,,13168
荃灣,荃灣西如心酒店,,13169
葵青,葵涌邨曉葵樓,,13169
葵青,葵涌邨逸葵樓,,13170
葵青,葵涌邨逸葵樓,,13171
葵青,葵涌邨逸葵樓,,13172
葵青,葵涌邨逸葵樓,,13182
葵青,葵涌邨逸葵樓,,13183
葵青,葵涌邨逸葵樓,,13184
葵青,葵涌邨逸葵樓,,13185
葵青,葵涌邨逸葵樓,,13186
葵青,葵涌邨逸葵樓,,13187
葵青,葵涌邨逸葵樓,,13188
葵青,葵涌邨逸葵樓,,13189
葵青,葵涌邨逸葵樓,,13190
葵青,葵涌邨逸葵樓,,13191
葵青,葵涌邨逸葵樓,,13192
葵青,葵涌邨逸葵樓,,13193
葵青,葵涌邨逸葵樓,,13194
葵青,葵涌邨逸葵樓,,13195
葵青,葵涌邨逸葵樓,,13196
葵青,葵涌邨逸葵樓,,13197
葵青,葵涌邨逸葵樓,,13198
葵青,葵涌邨逸葵樓,,13199
葵青,葵涌邨逸葵樓,,13200
葵青,葵涌邨逸葵樓,,13201
葵青,葵涌邨逸葵樓,,13202
葵青,葵涌邨逸葵樓,,13203
葵青,葵涌邨逸葵樓,,13204
葵青,葵涌邨逸葵樓,,13205
葵青,葵涌邨逸葵樓,,13206
葵青,葵涌邨逸葵樓,,13207
葵青,葵涌邨逸葵樓,,13208
葵青,葵涌邨逸葵樓,,13209
葵青,葵涌邨逸葵樓,,13210
葵青,葵涌邨逸葵樓,,13211
葵青,葵涌邨逸葵樓,,13212
葵青,葵涌邨逸葵樓,,13213
葵青,葵涌邨逸葵樓,,13214
葵青,葵涌邨逸葵樓,,13215
葵青,葵涌邨逸葵樓,,13216
葵青,葵涌邨逸葵樓,,13217
深水埗,祥康大廈,,13218
葵青,葵涌邨映葵樓,,13219
離島,貝澳新圍村,,13220
灣仔,白建時道,,13221
葵青,葵涌邨逸葵樓,,13222
葵青,葵涌邨逸葵樓,,13223
葵青,葵涌邨逸葵樓,,13224
葵青,葵涌邨逸葵樓,,13225
葵青,葵涌邨逸葵樓,,13226
葵青,葵涌邨逸葵樓,,13227
葵青,葵涌邨逸葵樓,,13228
葵青,葵涌邨逸葵樓,,13229
葵青,葵涌邨逸葵樓,,13230
葵青,葵涌邨逸葵樓,,13231
葵青,葵涌邨逸葵樓,,13232
葵青,葵涌邨逸葵樓,,13233
葵青,葵涌邨逸葵樓,,13234
葵青,葵涌邨逸葵樓,,13235
葵青,葵涌邨逸葵樓,,13236
葵青,葵涌邨逸葵樓,,13237
葵青,葵涌邨逸葵樓,,13238
葵青,葵涌邨逸葵樓,,13239
葵青,葵涌邨逸葵樓,,13240
葵青,葵涌邨逸葵樓,,13241
葵青,葵涌邨逸葵樓,,13242
葵青,葵涌邨逸葵樓,,13243
葵青,葵涌邨逸葵樓,,13244
葵青,葵涌邨逸葵樓,,13245
葵青,葵涌邨逸葵樓,,13246
葵青,葵涌邨逸葵樓,,13247
葵青,葵涌邨逸葵樓,,13248
葵青,葵涌邨逸葵樓,,13249
葵青,葵涌邨逸葵樓,,13250
葵青,葵涌邨逸葵樓,,13251
葵青,葵涌邨逸葵樓,,13252
葵青,葵涌邨逸葵樓,,13253
葵青,葵涌邨逸葵樓,,13254
黃大仙,彩雲(一)邨星辰樓,,13255
葵青,新葵芳花園C座,,13256
沙田,美柏苑,,13257
葵青,葵涌邨逸葵樓,,13258
屯門,錦暉花園1座,,13259
葵青,葵涌邨逸葵樓,,13260
葵青,葵涌邨映葵樓,,13261
葵青,葵涌邨逸葵樓,,13262
荃灣,名逸居1座,,13263
離島,竹篙灣檢疫中心,,13263
荃灣,名逸居1座,,13264
離島,竹篙灣檢疫中心,,13264
深水埗,長沙灣邨長欣樓,,13265
離島,竹篙灣檢疫中心,,13265
深水埗,長沙灣邨長欣樓,,13266
離島,竹篙灣檢疫中心,,13266
南區,香港仔中心港昌閣,,13267
離島,竹篙灣檢疫中心,,13267
深水埗,惠珍樓,,13268
離島,竹篙灣檢疫中心,,13268
九龍城,富豪東方酒店,,13269
沙田,新生精神康復會思悅園,,13270
葵青,葵涌邨逸葵樓,,13271
葵青,葵涌邨逸葵樓,,13272
葵青,葵涌邨逸葵樓,,13273
葵青,葵涌邨逸葵樓,,13274
葵青,葵涌邨逸葵樓,,13275
葵青,葵涌邨逸葵樓,,13276
葵青,葵涌邨逸葵樓,,13277
葵青,葵涌邨逸葵樓,,13278
葵青,葵涌邨逸葵樓,,13279
葵青,葵涌邨逸葵樓,,13280
荃灣,排棉角村,,13281
沙田,新港城4期E座,,13282
離島,逸東(二)邨德逸樓,,13283
油尖旺,御金國峯1座,,13284
葵青,葵康苑葵明閣,,13285
葵青,葵涌邨映葵樓,,13286
葵青,葵涌邨映葵樓,,13287
葵青,葵涌邨映葵樓,,13288
葵青,葵涌邨映葵樓,,13289
葵青,葵涌邨映葵樓,,13290
葵青,葵涌邨雅葵樓,,13291
深水埗,寶喜大廈,,13292
荃灣,名逸居1座,,13293
離島,竹篙灣檢疫中心,,13293
離島,滿東邨滿和樓,,13294
葵青,葵涌邨逸葵樓,,13295
葵青,葵涌邨逸葵樓,,13296
葵青,葵涌邨逸葵樓,,13297
葵青,葵涌邨逸葵樓,,13298
葵青,葵涌邨逸葵樓,,13299
葵青,葵涌邨逸葵樓,,13300
葵青,葵涌邨映葵樓,,13301
葵青,葵涌邨逸葵樓,,13302
葵青,葵涌邨逸葵樓,,13303
葵青,葵涌邨逸葵樓,,13304
東區,明華大廈1座,,13305
荃灣,海韻花園5座,,13306
荃灣,名逸居1座,,13307
離島,竹篙灣檢疫中心,,13307
葵青,葵涌邨映葵樓,,13308
葵青,葵涌邨映葵樓,,13309
葵青,葵涌邨映葵樓,,13310
沙田,水泉澳邨竹泉樓,,13311
沙田,禾輋邨富和樓,,13312
觀塘,和樂邨居安樓,,13315
葵青,葵涌邨映葵樓,,13318
葵青,葵涌邨映葵樓,,13319
葵青,葵涌邨映葵樓,,13320
葵青,葵涌邨映葵樓,,13321
葵青,葵涌邨映葵樓,,13322
葵青,葵涌邨映葵樓,,13323
葵青,葵涌邨映葵樓,,13324
葵青,葵涌邨映葵樓,,13325
葵青,葵涌邨映葵樓,,13326
葵青,葵涌邨映葵樓,,13327
葵青,葵涌邨映葵樓,,13328
葵青,葵涌邨映葵樓,,13329
葵青,葵涌邨映葵樓,,13330
葵青,葵涌邨映葵樓,,13331
葵青,葵涌邨映葵樓,,13332
葵青,葵涌邨映葵樓,,13333
葵青,葵涌邨映葵樓,,13334
離島,藍天海岸6座,,13335
深水埗,祥康大廈,,13336
葵青,祖堯邨啟勉樓,,13337
荃灣,華成樓B座,,13339
荃灣,荃灣花園榮華閣,,13340
葵青,葵涌邨逸葵樓,,13341
葵青,葵涌邨逸葵樓,,13342
葵青,葵涌邨逸葵樓,,13343
葵青,葵涌邨逸葵樓,,13344
葵青,葵涌邨逸葵樓,,13345
葵青,葵涌邨逸葵樓,,13347
葵青,葵涌邨芊葵樓,,13348
東區,耀東邨耀福樓,,13349
大埔,大埔中心12座,,13349
葵青,葵涌邨逸葵樓,,13350
葵青,葵涌邨逸葵樓,,13351
葵青,葵涌邨碧葵樓,,13352
葵青,葵芳邨葵仁樓,,13353
葵青,葵涌邨映葵樓,,13356
葵青,葵涌邨映葵樓,,13357
葵青,葵涌邨映葵樓,,13358
葵青,葵涌邨映葵樓,,13359
葵青,葵涌邨映葵樓,,13360
葵青,葵涌邨旭葵樓,,13361
葵青,葵涌邨映葵樓,,13362
葵青,葵涌邨映葵樓,,13363
葵青,葵涌邨映葵樓,,13364
葵青,葵涌邨雅葵樓,,13365
葵青,葵涌邨雅葵樓,,13366
葵青,長康邨康和樓,,13367
葵青,天安樓,,13368
葵青,葵涌邨春葵樓,,13369
深水埗,慶豐大廈,,13370
葵青,葵涌邨映葵樓,,13371
離島,竹篙灣檢疫中心,,13371
葵青,葵涌邨映葵樓,,13372
離島,竹篙灣檢疫中心,,13372
葵青,葵涌邨逸葵樓,,13373
離島,竹篙灣檢疫中心,,13373
屯門,大興邨興平樓,,13374
離島,福安閣B座,,13375
葵青,葵涌邨逸葵樓,,13376
荃灣,悅來酒店,,13376
葵青,葵涌邨逸葵樓,,13377
離島,竹篙灣檢疫中心,,13377
離島,富豪機場酒店,,13378
九龍城,富薈馬頭圍酒店,,13379
葵青,香港荃灣帝盛酒店,,13380
黃大仙,黃大仙下邨龍樂樓,,13381
黃大仙,豪苑1座,,13382
元朗,嘉湖山莊翠湖居5座,,13383
九龍城,鴻光街35號,,13384
北區,華明邨禮明樓,,13386
葵青,葵涌邨翠葵樓,,13387
葵青,葵涌邨綠葵樓,,13388
沙田,恆安邨恆江樓,,13389
沙田,美田邨美景樓,,13390
北區,皇后山邨皇頤樓,,13391
離島,滿東邨滿順樓,,13392
葵青,葵涌邨百葵樓,,13393
葵青,葵涌邨逸葵樓,,13394
離島,竹篙灣檢疫中心,,13394
元朗,天恩邨恩翠樓,,13395
葵青,葵涌邨逸葵樓,,13395
離島,竹篙灣檢疫中心,,13395
葵青,葵涌邨夏葵樓,,13396
黃大仙,竹園南邨富園樓,,13397
葵青,葵涌邨映葵樓,,13398
黃大仙,曉暉花園5座,,13399
黃大仙,豪苑1座,,13400
深水埗,鉅昌大樓,,13401
離島,竹篙灣檢疫中心,,13401
葵青,大窩口邨富華樓,,13402
深水埗,鉅昌大樓,,13403
離島,竹篙灣檢疫中心,,13403
荃灣,綠楊新邨Ｍ座,,13419
荃灣,荃灣花園榮華閣,,13420
觀塘,和樂邨居安樓,,13423
屯門,海典軒2座,,13424
荃灣,東亞花園長發樓,,13426
元朗,GRANDYOHO 2座,,13427
葵青,大窩口邨富強樓,,13428
葵青,葵涌邨逸葵樓,,13429
葵青,葵涌邨逸葵樓,,13430
葵青,葵涌邨逸葵樓,,13431
葵青,葵涌邨逸葵樓,,13432
葵青,葵涌邨逸葵樓,,13433
葵青,葵涌邨逸葵樓,,13434
葵青,葵涌邨逸葵樓,,13435
葵青,葵涌邨逸葵樓,,13436
葵青,葵涌邨逸葵樓,,13437
葵青,葵涌邨夏葵樓,,13438
葵青,葵涌邨夏葵樓,,13439
葵青,葵涌邨逸葵樓,,13440
葵青,葵涌邨逸葵樓,,13441
葵青,葵涌邨逸葵樓,,13442
葵青,葵涌邨逸葵樓,,13443
葵青,葵涌邨逸葵樓,,13444
葵青,葵涌邨逸葵樓,,13445
葵青,葵涌邨逸葵樓,,13446
葵青,葵涌邨夏葵樓,,13447
北區,嘉福邨福安樓,,13448
離島,水口,,13450
離島,滿東邨滿和樓,,13451
東區,愛東邨愛平樓,,13452
葵青,葵涌邨逸葵樓,,13454
離島,竹篙灣檢疫中心,,13454
荃灣,東亞花園長發樓,,13455
荃灣,東亞花園長發樓,,13456
荃灣,東亞花園長發樓,,13457
葵青,葵涌邨逸葵樓,,13458
離島,竹篙灣檢疫中心,,13458
深水埗,祥康大廈,,13459
葵青,成城大廈,,13460
深水埗,祥康大廈,,13461
葵青,葵涌邨逸葵樓,,13462
葵青,大窩口邨富強樓,,13463
離島,竹篙灣檢疫中心,,13463
黃大仙,黃大仙上邨達善樓,,13464
觀塘,和樂邨居安樓,,13465
葵青,葵涌邨逸葵樓,,13466
葵青,葵涌邨映葵樓,,13467
葵青,葵涌邨逸葵樓,,13468
葵青,葵涌邨夏葵樓,,13469
葵青,葵涌邨夏葵樓,,13470
葵青,葵涌邨夏葵樓,,13471
葵青,葵涌邨夏葵樓,,13472
葵青,葵涌邨旭葵樓,,13473
葵青,葵涌邨映葵樓,,13474
葵青,葵涌邨映葵樓,,13475
大埔,三門仔新村,,13476
黃大仙,豪苑1座,,13477
葵青,葵涌邨映葵樓,,13478
葵青,葵涌邨映葵樓,,13479
黃大仙,竹園北邨桃園樓,,13480
黃大仙,慈民邨民泰樓,,13481
葵青,葵涌邨映葵樓,,13482
灣仔,頤庭酒店銅鑼灣,,13483
灣仔,華麗銅鑼灣酒店,,13484
中西區,蘭桂坊酒店@九如坊,,13485
油尖旺,香港旺角帝盛酒店,,13486
沙田,景田苑恆心閣,,13487
葵青,葵涌邨夏葵樓,,13488
葵青,葵涌邨夏葵樓,,13489
葵青,葵涌邨夏葵樓,,13490
元朗,溱柏10座,,13491
葵青,葵涌邨映葵樓,,13492
離島,竹篙灣檢疫中心,,13492
葵青,葵涌邨逸葵樓,,13493
離島,竹篙灣檢疫中心,,13493
葵青,葵涌邨逸葵樓,,13494
離島,竹篙灣檢疫中心,,13494
葵青,葵涌邨逸葵樓,,13495
離島,竹篙灣檢疫中心,,13495
葵青,葵涌邨逸葵樓,,13496
離島,竹篙灣檢疫中心,,13496
葵青,葵涌邨逸葵樓,,13497
離島,竹篙灣檢疫中心,,13497
離島,竹篙灣檢疫中心,,13498
葵青,葵涌邨映葵樓,,13499
葵青,葵涌邨逸葵樓,,13500
葵青,大窩口邨富華樓,,13501
離島,竹篙灣檢疫中心,,13501
元朗,原築2座,,13502
離島,竹篙灣檢疫中心,,13502
葵青,葵涌邨翠葵樓,,13503
九龍城,鴻光街35號,,13504
九龍城,鴻光街35號,,13505
大埔,雲滙1期,,13506
葵青,葵馥苑安葵樓,,13507
葵青,葵涌邨雅葵樓,,13508
深水埗,鉅昌大樓,,13509
離島,逸東邨寶逸樓,,13510
離島,竹篙灣檢疫中心,,13510
油尖旺,大南街136號,,13511
深水埗,元州街26號惠珍樓,,13512
離島,竹篙灣檢疫中心,,13512
葵青,葵涌邨春葵樓,,13513
葵青,葵涌邨逸葵樓,,13514
葵青,大窩口邨富德樓,,13515
中西區,高街1A,,13516
離島,馬灣新村,,13517
離島,馬灣新村,,13518
荃灣,東亞花園長發樓,,13519
離島,竹篙灣檢疫中心,,13513
離島,竹篙灣檢疫中心,,13514
離島,竹篙灣檢疫中心,,13515
離島,竹篙灣檢疫中心,,13517
離島,竹篙灣檢疫中心,,13518
沙田,烏溪沙村四巷,,13525
黃大仙,豪苑1座,,13526
黃大仙,豪苑1座,,13527
觀塘,香港觀塘帝盛酒店,,13527
沙田,恆安邨恆江樓,,13528
離島,竹篙灣檢疫中心,,13528
沙田,恆安邨恆江樓,,13528
離島,竹篙灣檢疫中心,,13528
離島,竹篙灣檢疫中心,,13529
葵青,新葵芳花園D座,,13530
大埔,廣褔邨廣仁樓,,13531
離島,大嶼山䃟石灣村,,13532
離島,竹篙灣檢疫中心,,13532
沙田,駿洋邨駿爾樓,,13533
葵青,葵涌邨逸葵樓,,13534
離島,竹篙灣檢疫中心,,13534
葵青,葵涌邨逸葵樓,,13535
離島,竹篙灣檢疫中心,,13535
葵青,葵涌邨逸葵樓,,13536
葵青,葵涌邨逸葵樓,,13537
離島,竹篙灣檢疫中心,,13537
葵青,葵涌邨逸葵樓,,13538
黃大仙,彩雲(一)邨長波樓,,13539
葵青,葵涌邨逸葵樓,,13540
離島,竹篙灣檢疫中心,,13540
黃大仙,彩雲(一)邨長波樓,,13541
葵青,葵涌邨春葵樓,,13542
葵青,葵涌邨夏葵樓,,13543
葵青,葵涌邨夏葵樓,,13544
葵青,葵涌邨逸葵樓,,13545
葵青,葵涌邨逸葵樓,,13546
葵青,葵涌邨逸葵樓,,13547
葵青,葵涌邨逸葵樓,,13548
葵青,葵涌邨逸葵樓,,13549
葵青,葵涌邨逸葵樓,,13550
葵青,葵涌邨逸葵樓,,13551
葵青,葵涌邨逸葵樓,,13552
葵青,葵涌邨逸葵樓,,13553
葵青,葵涌邨逸葵樓,,13554
葵青,葵涌邨逸葵樓,,13555
葵青,葵涌邨逸葵樓,,13556
葵青,葵涌邨逸葵樓,,13557
葵青,葵涌邨逸葵樓,,13558
屯門,良景邨良偉樓,,13565
荃灣,荃昌中心昌寧大廈,,13566
葵青,葵涌邨映葵樓,,13567
葵青,葵涌邨映葵樓,,13568
葵青,葵涌邨映葵樓,,13569
離島,竹篙灣檢疫中心,,13569
葵青,葵涌邨映葵樓,,13570
葵青,葵涌邨映葵樓,,13571
葵青,葵涌邨映葵樓,,13572
離島,竹篙灣檢疫中心,,13572
葵青,葵涌邨映葵樓,,13573
葵青,葵涌邨映葵樓,,13574
葵青,葵涌邨映葵樓,,13575
葵青,葵涌邨映葵樓,,13576
葵青,葵涌邨映葵樓,,13577
葵青,葵涌邨映葵樓,,13578
葵青,葵涌邨映葵樓,,13579
葵青,葵涌邨映葵樓,,13580
葵青,葵涌邨逸葵樓,,13581
葵青,葵涌邨映葵樓,,13582
離島,藍天海岸影岸紅A座,,13583
葵青,葵涌邨逸葵樓,,13584
離島,竹篙灣檢疫中心,,13584
葵青,葵涌邨逸葵樓,,13585
深水埗,祥康大廈,,13586
離島,竹篙灣檢疫中心,,13586
深水埗,祥康大廈,,13587
葵青,葵涌邨逸葵樓,,13588
離島,竹篙灣檢疫中心,,13588
葵青,葵涌邨映葵樓,,13589
離島,竹篙灣檢疫中心,,13589
觀塘,藍田邨藍碧樓,,13590
離島,竹篙灣檢疫中心,,13590
黃大仙,慈愛苑愛勤閣,,13591
九龍城,勝利道一號,,13592
葵青,葵涌邨逸葵樓,,13593
離島,竹篙灣檢疫中心,,13593
沙田,駿洋邨駿爾樓,,13594
沙田,駿洋邨駿爾樓,,13595
葵青,葵涌邨逸葵樓,,13596
離島,竹篙灣檢疫中心,,13596
葵青,葵涌邨逸葵樓,,13597
離島,竹篙灣檢疫中心,,13597
離島,葵涌葵涌邨逸葵樓,,13598
離島,竹篙灣檢疫中心,,13598
葵青,葵涌邨逸葵樓,,13599
離島,竹篙灣檢疫中心,,13599
葵青,葵涌邨逸葵樓,,13600
離島,竹篙灣檢疫中心,,13600
葵青,葵涌邨逸葵樓,,13601
離島,竹篙灣檢疫中心,,13601
葵青,葵涌邨逸葵樓,,13602
離島,竹篙灣檢疫中心,,13602
葵青,葵涌邨逸葵樓,,13603
離島,竹篙灣檢疫中心,,13603
葵青,葵涌邨逸葵樓,,13604
離島,竹篙灣檢疫中心,,13604
葵青,葵涌邨逸葵樓,,13606
離島,竹篙灣檢疫中心,,13606
荃灣,平愛大廈,,13607
荃灣,錦豐園1座,,13608
荃灣,荃灣花園吉祥閣,,13609
深水埗,美孚新邨3期百老匯街41-43號,,13610
觀塘,寶達邨達信樓,,13611
葵青,宏福花園2座,,13612
九龍城,立基大廈,,13613
東區,富怡花園1座,,13614
離島,藍天海岸影岸紅B座,,13615
離島,藍天海岸影岸紅B座,,13616
離島,藍天海岸影岸紅B座,,13617
葵青,葵涌邨逸葵樓,,13618
離島,竹篙灣檢疫中心,,13618
葵青,葵涌邨雅葵樓,,13619
離島,竹篙灣檢疫中心,,13619
葵青,大窩口邨富逸樓,,13620
北區,華明邨信明樓,,13621
黃大仙,豪苑1座,,13622
葵青,大窩口邨富強樓,,13623
離島,藍天海岸影岸紅A座,,13624
深水埗,元州街31號,,13625
葵青,葵涌邨逸葵樓,,13626
葵青,葵涌邨逸葵樓,,13627
葵青,葵涌邨逸葵樓,,13628
葵青,葵涌邨逸葵樓,,13629
葵青,葵涌邨逸葵樓,,13630
葵青,葵涌邨逸葵樓,,13631
葵青,葵涌邨逸葵樓,,13632
離島,竹篙灣檢疫中心,,13632
荃灣,浪翠園3期8座,,13634
離島,竹篙灣檢疫中心,,13634
葵青,葵涌邨逸葵樓,,13635
離島,竹篙灣檢疫中心,,13635
葵青,葵涌邨逸葵樓,,13636
離島,竹篙灣檢疫中心,,13636
沙田,碧田街2號美柏苑,,13637
離島,竹篙灣檢疫中心,,13637
沙田,碧田街2號美柏苑,,13638
離島,竹篙灣檢疫中心,,13638
沙田,新翠邨新芳樓,,13639
離島,竹篙灣檢疫中心,,13639
葵青,葵涌邨逸葵樓,,13640
離島,竹篙灣檢疫中心,,13640
葵青,葵涌邨逸葵樓,,13641
離島,竹篙灣檢疫中心,,13641
葵青,葵涌邨逸葵樓,,13642
離島,竹篙灣檢疫中心,,13642
葵青,大窩口邨富德樓,,13643
離島,竹篙灣檢疫中心,,13643
葵青,葵涌邨逸葵樓,,13644
離島,竹篙灣檢疫中心,,13644
葵青,葵涌邨逸葵樓,,13645
離島,竹篙灣檢疫中心,,13645
葵青,葵涌邨逸葵樓,,13646
葵青,葵涌邨逸葵樓,,13647
離島,竹篙灣檢疫中心,,13647
離島,滿東邨滿和樓,,13648
離島,竹篙灣檢疫中心,,13648
葵青,葵涌邨映葵樓,,13649
離島,竹篙灣檢疫中心,,13649
葵青,葵涌邨逸葵樓,,13650
離島,竹篙灣檢疫中心,,13650
離島,竹篙灣檢疫中心,,13651
葵青,葵涌邨逸葵樓,,13652
離島,竹篙灣檢疫中心,,13652
葵青,葵涌邨逸葵樓,,13653
離島,竹篙灣檢疫中心,,13653
葵青,葵涌邨映葵樓,,13654
離島,竹篙灣檢疫中心,,13654
深水埗,祥康大廈,,13655
離島,竹篙灣檢疫中心,,13655
葵青,葵涌邨映葵樓,,13656
離島,竹篙灣檢疫中心,,13656
離島,竹篙灣檢疫中心,,13657
離島,竹篙灣檢疫中心,,13658
葵青,葵涌邨逸葵樓,,13659
離島,竹篙灣檢疫中心,,13659
離島,竹篙灣檢疫中心,,13660
葵青,葵涌邨雅葵樓,,13661
離島,竹篙灣檢疫中心,,13661
葵青,葵涌邨逸葵樓,,13662
離島,竹篙灣檢疫中心,,13662
葵青,葵涌邨逸葵樓,,13663
離島,竹篙灣檢疫中心,,13663
葵青,葵涌邨逸葵樓,,13664
離島,竹篙灣檢疫中心,,13664
葵青,葵涌邨映葵樓,,13665
離島,竹篙灣檢疫中心,,13665
葵青,葵涌邨逸葵樓,,13666
離島,竹篙灣檢疫中心,,13666
葵青,葵涌邨逸葵樓,,13667
離島,竹篙灣檢疫中心,,13667
葵青,葵涌邨逸葵樓,,13668
葵青,葵涌邨逸葵樓,,13669
離島,竹篙灣檢疫中心,,13669
葵青,葵涌邨映葵樓,,13671
葵青,葵涌邨逸葵樓,,13672
九龍城,怡安閣C座,,13673
元朗,GRAND YOHO 2座,,13674
葵青,葵涌邨逸葵樓,,13675
葵青,葵涌邨逸葵樓,,13676
葵青,葵涌邨逸葵樓,,13677
九龍城,窩打老道69A號,,13678
葵青,葵涌邨逸葵樓,,13679
葵青,尚文苑,,13680
葵青,宏福花園2座,,13681
葵青,葵涌邨映葵樓,,13682
葵青,葵涌邨映葵樓,,13683
大埔,寶華樓E座,,13684
葵青,葵涌邨逸葵樓,,13685
東區,明華大廈1座,,13686
離島,竹篙灣檢疫中心,,13686
離島,竹篙灣檢疫中心,,13687
葵青,葵涌邨逸葵樓,,13688
葵青,大窩口邨富逸樓,,13689
黃大仙,慈正邨正明樓,,13690
葵青,大窩口邨富逸樓,,13691
觀塘,茂坪紀律部隊宿舍1座,,13692
東區,富怡花園2座,,13693
黃大仙,鳳凰村大廈,,13694
離島,滿東邨滿和樓,,13695
離島,竹篙灣檢疫中心,,13695
葵青,葵涌邨旭葵樓,,13696
離島,滿東邨滿康樓,,13697
油尖旺,地士道街15-23號樂園大廈,,13698
黃大仙,彩雲(一)邨長波樓,,13701
葵青,葵涌邨逸葵樓,,13702
葵青,葵涌邨逸葵樓,,13703
離島,竹篙灣檢疫中心,,13704
葵青,大窩口邨富泰樓,,13716
葵青,葵馥苑安葵樓,,13717
葵青,葵馥苑安葵樓,,13718
葵青,葵涌邨映葵樓,,13719
離島,竹篙灣檢疫中心,,13719
葵青,葵涌邨逸葵樓,,13746
葵青,葵涌邨逸葵樓,,13747
屯門,錦暉花園1座,,13753
北區,嘉福邨福安樓,,13754
離島,竹篙灣檢疫中心,,13754
沙田,錦豐苑錦蘭樓,,13755
九龍城,合成大廈,,13756
觀塘,彩盈邨盈康樓,,13757
中西區,帝后華庭1座,,13758
葵青,大窩口邨富平樓,,13759
葵青,大窩口邨富平樓,,13760
葵青,大窩口邨富平樓,,13761
葵青,大窩口邨富平樓,,13762
葵青,大窩口邨富平樓,,13763
黃大仙,豪苑1座,,13764
九龍城,龍譽1B座,,13765
黃大仙,豪苑1座,,13766
離島,藍天海岸6座,,13767
離島,藍天海岸影岸紅A座,,13768
離島,藍天海岸影岸紅A座,,13769
葵青,葵涌邨雅葵樓,,13770
葵青,葵涌邨曉葵樓,,13771
離島,竹篙灣檢疫中心,,13772
九龍城,鶴齡街10 號,,13773
離島,竹篙灣檢疫中心,,13773
葵青,葵涌邨逸葵樓,,13774
離島,竹篙灣檢疫中心,,13774
葵青,葵涌邨逸葵樓,,13775
離島,竹篙灣檢疫中心,,13775
葵青,葵涌邨逸葵樓,,13776
離島,竹篙灣檢疫中心,,13776
葵青,新葵芳花園C座,,13777
觀塘,彩德邨彩義樓,,13778
葵青,大窩口邨富平樓,,13778
葵青,葵涌邨逸葵樓,,13779
離島,竹篙灣檢疫中心,,13779
葵青,葵涌邨映葵樓,,13780
離島,竹篙灣檢疫中心,,13780
葵青,葵涌邨雅葵樓,,13781
葵青,葵涌邨逸葵樓,,13782
離島,竹篙灣檢疫中心,,13782
離島,貝澳新圍村,,13783
離島,竹篙灣檢疫中心,,13783
葵青,葵涌邨映葵樓,,13784
離島,竹篙灣檢疫中心,,13784
葵青,葵涌邨映葵樓,,13785
離島,竹篙灣檢疫中心,,13786
離島,貝澳新圍村,,13787
離島,竹篙灣檢疫中心,,13787
元朗,俊宏軒8座,,13788
葵青,葵涌邨雅葵樓,,13789
灣仔,帝盛酒店,,13790
離島,麗豪航天城酒店,,13791
離島,藍天海岸6座,,13793
葵青,葵涌邨映葵樓,,13794
離島,竹篙灣檢疫中心,,13794
葵青,宏福花園2座,,13795
元朗,天華邨華逸樓,,13796
北區,華明邨添明樓,,13797
離島,竹篙灣檢疫中心,,13797
葵青,葵涌邨逸葵樓,,13798
離島,竹篙灣檢疫中心,,13798
葵青,葵涌邨逸葵樓,,13799
離島,竹篙灣檢疫中心,,13799
葵青,葵涌邨逸葵樓,,13800
離島,竹篙灣檢疫中心,,13800
葵青,葵涌邨逸葵樓,,13801
離島,竹篙灣檢疫中心,,13801
離島,竹篙灣檢疫中心,,13802
葵青,葵涌邨逸葵樓,,13803
離島,竹篙灣檢疫中心,,13803
離島,藍天海岸6座,,13804
離島,竹篙灣檢疫中心,,13804
離島,藍天海岸6座,,13805
離島,竹篙灣檢疫中心,,13805
葵青,葵涌邨逸葵樓,,13806
北區,嘉福邨福安樓,,13807
離島,竹篙灣檢疫中心,,13807
大埔,太和邨翠和樓,,13808
荃灣,荃灣花園榮華閣,,13809
荃灣,荃灣花園榮華閣,,13810
荃灣,荃灣花園榮華閣,,13811
黃大仙,彩雲(一)邨長波樓,,13812
黃大仙,彩雲(一)邨長波樓,,13813
黃大仙,彩雲(一)邨長波樓,,13814
黃大仙,彩雲(一)邨長波樓,,13815
黃大仙,彩雲(一)邨長波樓,,13816
黃大仙,彩雲(一)邨長波樓,,13817
黃大仙,彩雲(一)邨長波樓,,13818
黃大仙,彩雲(一)邨長波樓,,13819
黃大仙,彩雲(一)邨長波樓,,13820
黃大仙,彩雲(一)邨長波樓,,13821
黃大仙,彩雲(一)邨長波樓,,13822
黃大仙,彩雲(一)邨長波樓,,13823
黃大仙,彩雲(一)邨長波樓,,13824
黃大仙,彩雲(一)邨長波樓,,13825
黃大仙,彩雲(一)邨長波樓,,13826
黃大仙,彩雲(一)邨長波樓,,13827
葵青,葵涌邨逸葵樓,,13828
葵青,葵涌邨逸葵樓,,13829
葵青,葵涌邨逸葵樓,,13830
葵青,葵涌邨逸葵樓,,13831
離島,竹篙灣檢疫中心,,13831
葵青,葵涌邨逸葵樓,,13832
葵青,葵涌邨逸葵樓,,13833
離島,竹篙灣檢疫中心,,13833
葵青,葵涌邨逸葵樓,,13834
葵青,葵涌邨逸葵樓,,13835
葵青,葵涌邨逸葵樓,,13836
葵青,葵涌邨逸葵樓,,13837
葵青,葵涌邨逸葵樓,,13838
葵青,葵涌邨春葵樓,,13839
葵青,葵涌邨映葵樓,,13840
葵青,葵涌邨映葵樓,,13841
葵青,葵涌邨映葵樓,,13842
九龍城,隆基大樓D座,,13843
東區,富薈炮台山酒店,,13844
東區,富薈炮台山酒店,,13845
離島,逸東邨居逸樓,,13846
葵青,新葵芳花園C座,,13847
黃大仙,慈正邨正泰樓,,13848
觀塘,康寧道 25-41號金橋華廈,,13849
觀塘,香港觀塘帝盛酒店,,13849
深水埗,基隆街220號,,13850
荃灣,尚翠苑翠河閣,,13851
葵青,葵涌邨逸葵樓,,13852
離島,竹篙灣檢疫中心,,13852
觀塘,牛頭角上邨常逸樓,,13853
觀塘,崇仁街 15-31 號安順大廈,,13854
黃大仙,宏景花園2座,,13855
葵青,大窩口邨富雅樓,,13856
觀塘,油麗邨雍麗樓,,13857
油尖旺,砵蘭街 336號,,13858
葵青,葵涌邨芊葵樓,,13859
東區,富怡花園1座,,13860
離島,逸東一邨祿逸樓,,13861
葵青,大窩口邨富平樓,,13862
中西區,華大盛品酒店,,13863
中西區,華美達海景酒店,,13864
葵青,葵涌邨逸葵樓,,13865
葵青,葵馥苑安葵閣,,13866
葵青,葵馥苑安葵閣,,13867
葵青,葵涌邨雅葵樓,,13868
離島,竹篙灣檢疫中心,,13868
離島,竹篙灣檢疫中心,,13869
大埔,三門仔新村,,13870
離島,竹篙灣檢疫中心,,13870
離島,竹篙灣檢疫中心,,13871
葵青,葵涌邨逸葵樓,,13872
葵青,葵涌邨逸葵樓,,13873
葵青,大窩口邨富逸樓,,13874
葵青,葵芳邨葵仁樓,,13875
荃灣,石圍角邨石菊樓,,13876
荃灣,石圍角邨石菊樓,,13877
離島,逸東二邨寶逸樓,,13878
離島,竹篙灣檢疫中心,,13878
黃大仙,彩雲(一)邨長波樓,,13879
黃大仙,彩雲(一)邨長波樓,,13880
離島,竹篙灣檢疫中心,,13881
葵青,葵涌邨逸葵樓,,13882
離島,竹篙灣檢疫中心,,13882
葵青,葵芳邨葵仁樓,,13883
離島,竹篙灣檢疫中心,,13883
離島,竹篙灣檢疫中心,,13884
離島,竹篙灣檢疫中心,,13885
離島,竹篙灣檢疫中心,,13886
離島,竹篙灣檢疫中心,,13887
離島,竹篙灣檢疫中心,,13888
離島,竹篙灣檢疫中心,,13889
離島,竹篙灣檢疫中心,,13890
葵青,葵涌邨映葵樓,,13891
離島,竹篙灣檢疫中心,,13891
黃大仙,彩雲(一)邨長波樓,,13892
葵青,大窩口邨富德樓,,13893
離島,竹篙灣檢疫中心,,13893
沙田,碧田街2號美柏苑,,13894
離島,竹篙灣檢疫中心,,13894
離島,竹篙灣檢疫中心,,13895
葵青,葵涌邨逸葵樓,,13896
離島,竹篙灣檢疫中心,,13896
沙田,恆安邨恆江樓,,13897
離島,竹篙灣檢疫中心,,13897
九龍城,炮仗街142-144B號立基大廈,,13898
九龍城,炮仗街142-144B號立基大廈,,13899
葵青,大窩口邨富逸樓,,13900
離島,竹篙灣檢疫中心,,13900
觀塘,翠屏南邨翠榮樓,,13901
觀塘,油麗邨雍麗樓,,13902
葵青,大窩口邨富平樓,,13903
觀塘,樂華(北)邨普華樓,,13904
屯門,良景邨良偉樓,,13905
葵青,葵涌邨逸葵樓,,13906
離島,竹篙灣檢疫中心,,13906
荃灣,大壩街77-83E號大苑樓,,13907
荃灣,碧堤半島3座,,13907
九龍城,炮仗街142-144B號立基大廈,,13908
葵青,葵涌邨芊葵樓,,13909
離島,竹篙灣檢疫中心,,13909
黃大仙,黃大仙上邨達善樓,,13910
東區,鯉魚門公園及度假村,,13910
離島,竹篙灣檢疫中心,,13911
離島,竹篙灣檢疫中心,,13912
離島,竹篙灣檢疫中心,,13913
離島,竹篙灣檢疫中心,,13914
九龍城,譚公道 108-114號雲天大樓,,13915
葵青,新葵芳花園C座,,13916
荃灣,石圍角邨石菊樓,,13917
荃灣,尚翠苑翠河閣,,13918
觀塘,麗港城13座,,13919
黃大仙,彩雲(一)邨日月樓,,13920
離島,竹篙灣檢疫中心,,13921
葵青,葵涌邨逸葵樓,,13922
葵青,葵馥苑安葵閣,,13923
葵青,葵涌邨逸葵樓,,13924
離島,竹篙灣檢疫中心,,13924
荃灣,荃灣花園吉祥閣,,13925
荃灣,石圍角邨石菊樓,,13926
荃灣,荃灣花園吉祥閣,,13927
九龍城,鳳儀街28號,,13928
東區,怡翠苑樂怡閣C座,,13929
東區,怡翠苑樂怡閣C座,,13930
東區,翠樂邨翠祿樓,,13931
葵青,葵芳邨葵仁樓,,13932
葵青,新葵芳花園C座,,13933
葵青,大窩口邨富華樓,,13934
九龍城,鳳儀街21號,,13935
葵青,葵涌邨映葵樓,,13936
離島,竹篙灣檢疫中心,,13936
東區,華美達盛景酒店,,13937
葵青,宏福花園2座,,13938
東區,怡翠苑樂怡閣C座,,13939
黃大仙,彩雲(一)邨白鳳樓,,13940
觀塘,安達邨賢達樓,,13941
葵青,葵涌邨逸葵樓,,13942
大埔,三門仔新村,,13943
離島,竹篙灣檢疫中心,,13943
西貢,尚德邨尚禮樓,,13944
沙田,金獅花園1期金輝閣,,13945
離島,竹篙灣檢疫中心,,13946
葵青,葵馥苑安葵閣,,13947
東區,華美達盛景酒店,,13948
東區,華美達盛景酒店,,13949
九龍城,九龍維景酒店,,13950
油尖旺,華美達華麗酒店,,13951
九龍城,九龍維景酒店,,13952
九龍城,九龍維景酒店,,13953
灣仔,華麗銅鑼灣酒店,,13954
九龍城,九龍維景酒店,,13955
九龍城,九龍維景酒店,,13956
油尖旺,華美達華麗酒店,,13957
離島,竹篙灣檢疫中心,,13958
離島,竹篙灣檢疫中心,,13959
離島,竹篙灣檢疫中心,,13960
離島,竹篙灣檢疫中心,,13961
葵青,葵涌邨逸葵樓,,13962
離島,竹篙灣檢疫中心,,13962
葵青,葵涌邨逸葵樓,,13963
離島,竹篙灣檢疫中心,,13963
離島,竹篙灣檢疫中心,,13964
荃灣,翠豐臺3座,,13965
離島,藍天海岸影岸紅B座8座,,13966
九龍城,九龍維景酒店,,13967
葵青,葵涌邨逸葵樓,,13968
沙田,富豪花園明麗閣,,13969
葵青,葵涌邨夏葵樓,,13970
離島,竹篙灣檢疫中心,,13970
元朗,俊宏軒5座,,13971
葵青,新葵芳花園C座,,13972
九龍城,永耀街23號,,13973
葵青,大窩口邨富平樓,,13975
葵青,大窩口邨富平樓,,13976
離島,藍天海岸影岸紅B座,,13977
離島,竹篙灣檢疫中心,,13978
葵青,宏福花園2座,,13979
沙田,錦豐苑錦蘭閣,,13980
離島,藍天海岸3座,,13981
葵青,葵涌邨映葵樓,,13982
離島,竹篙灣檢疫中心,,13982
荃灣,荃灣花園榮華閣,,13983
葵青,香港荃灣絲麗酒店,,13983
葵青,宏福花園2座,,13984
葵青,香港荃灣絲麗酒店,,13984
荃灣,荃灣花園榮華閣,,13985
葵青,香港荃灣絲麗酒店,,13985
葵青,葵涌邨逸葵樓,,13986
離島,藍天海岸影岸紅B座,,13987
葵青,葵涌邨映葵樓,,13988
離島,藍天海岸影岸紅B座,,13989
沙田,水泉澳邨河泉樓,,13990
離島,藍天海岸影岸紅B座,,13991
離島,藍天海岸影岸紅B座,,13992
沙田,萬怡酒店,,13993
葵青,葵涌邨夏葵樓,,13994
離島,竹篙灣檢疫中心,,13994
黃大仙,慈康邨康添樓,,13996
黃大仙,新光中心2座,,13997
葵青,葵馥苑安葵閣,,13998
葵青,石蔭東邨蔭裕樓,,13999
黃大仙,彩雲(一)邨白鳳樓,,14000
沙田,聽濤雅苑3座,,14001
九龍城,九龍城道183-183A號,,14002
葵青,葵涌邨春葵樓,,14004
大埔,寶華樓,,14005
觀塘,安達邨禮達樓,,14006
東區,宏德居德祿樓,,14007
東區,翠樂邨翠祿樓,,14008
葵青,葵涌邨映葵樓,,14009
離島,竹篙灣檢疫中心,,14009
葵青,葵涌邨映葵樓,,14010
離島,竹篙灣檢疫中心,,14010
離島,竹篙灣檢疫中心,,14011
葵青,葵涌邨逸葵樓,,14012
離島,逸東(一)邨清逸樓,,14013
荃灣,翠豐臺3座,,14014
葵青,葵涌邨逸葵樓,,14015
離島,竹篙灣檢疫中心,,14015
東區,華美達盛景酒店,,14016
東區,華美達盛景酒店,,14017
東區,華美達盛景酒店,,14018
中西區,華美達海景酒店,,14019
中西區,華美達海景酒店,,14020
東區,華美達盛景酒店,,14021
九龍城,九龍維景酒店,,14022
九龍城,九龍維景酒店,,14023
南區,南灣如心酒店,,14024
灣仔,華麗銅鑼灣酒店,,14025
油尖旺,華美達華麗酒店,,14026
九龍城,九龍維景酒店,,14027
油尖旺,華美達華麗酒店,,14028
九龍城,九龍維景酒店,,14029
葵青,葵涌邨映葵樓,,14030
離島,竹篙灣檢疫中心,,14030
黃大仙,彩雲(二)邨明麗樓,,14031
觀塘,安順大廈,,14032
東區,鯉魚門公園及度假村,,14032
九龍城,九龍維景酒店,,14033
黃大仙,慈康邨康添樓,,14034
葵青,月海灣1座,,14035
葵青,月海灣1座,,14036
荃灣,綠楊新邨M座,,14037
葵青,葵涌邨夏葵樓,,14038
離島,竹篙灣檢疫中心,,14039
西貢,日出康城5A期Malibu 1B座,,14040
沙田,聽濤雅苑3座,,14041
沙田,聽濤雅苑3座,,14042
大埔,美新大廈,,14043
荃灣,荃灣花園吉祥閣,,14044
九龍城,燕安街18號,,14045
離島,竹篙灣檢疫中心,,14046
離島,竹篙灣檢疫中心,,14047
黃大仙,環鳳街46號 興隆樓,,14048
葵青,葵涌邨逸葵樓,,14049
離島,竹篙灣檢疫中心,,14049
荃灣,石圍角邨石菊樓,,14050
九龍城,燕安街18號,,14051
九龍城,燕安街18號,,14052
觀塘,油麗邨雍麗樓,,14053
北區,萬屋邊,,14054
葵青,宏福花園2座,,14055
北區,邁爾豪園,,14056
葵青,大窩口邨富逸樓,,14057
葵青,葵涌邨雅葵樓,,14058
離島,竹篙灣檢疫中心,,14058
葵青,葵涌邨雅葵樓,,14059
離島,竹篙灣檢疫中心,,14059
屯門,新屯門中心3座,,14060
觀塘,油麗邨雍麗樓,,14061
黃大仙,黃大仙下邨龍順樓,,14062
離島,映灣園4期聽濤軒16座,,14063
離島,映灣園4期聽濤軒16座,,14064
離島,映灣園4期聽濤軒16座,,14065
離島,映灣園4期聽濤軒16座,,14066
離島,映灣園4期聽濤軒16座,,14067
深水埗,美孚新邨3期百老匯街41-43號,,14068
葵青,香港荃灣絲麗酒店,,14068
深水埗,美孚新邨3期百老匯街41-43號,,14069
葵青,香港荃灣絲麗酒店,,14069
黃大仙,成功樓,,14070
離島,竹篙灣檢疫中心,,14071
黃大仙,宏景花園2座,,14072
黃大仙,慈康邨康添樓,,14073
黃大仙,慈康邨康添樓,,14074
黃大仙,慈康邨康添樓,,14075
黃大仙,黃大仙下邨龍順樓,,14076
葵青,大窩口邨富逸樓,,14077
葵青,大窩口邨富逸樓,,14078
葵青,大窩口邨富逸樓,,14079
大埔,太和邨翠和樓,,14080
離島,竹篙灣檢疫中心,,14081
葵青,葵涌邨雅葵樓,,14082
離島,竹篙灣檢疫中心,,14082
葵青,大窩口邨富強樓,,14083
葵青,大窩口邨富碧樓,,14083
離島,竹篙灣檢疫中心,,14083
觀塘,彩盈邨盈康樓,,14084
離島,竹篙灣檢疫中心,,14084
葵青,葵涌邨逸葵樓,,14085
離島,竹篙灣檢疫中心,,14085
離島,竹篙灣檢疫中心,,14086
元朗,天華邨華逸樓,,14087
離島,竹篙灣檢疫中心,,14087
葵青,大窩口邨富逸樓,,14088
離島,竹篙灣檢疫中心,,14088
離島,竹篙灣檢疫中心,,14089
離島,竹篙灣檢疫中心,,14090
葵青,葵涌邨雅葵樓,,14091
離島,竹篙灣檢疫中心,,14091
元朗,天華邨華逸樓,,14092
離島,竹篙灣檢疫中心,,14092
離島,竹篙灣檢疫中心,,14093
觀塘,油麗邨雍麗樓,,14094
黃大仙,彩雲(一)邨時雨樓,,14095
屯門,星堤11座,,14096
離島,竹篙灣檢疫中心,,14097
元朗,水邊圍邨碧水樓,,14098
大埔,美新大廈,,14099
大埔,美新大廈,,14100
大埔,富善邨善鄰樓,,14101
沙田,博康邨博智樓,,14102
葵青,葵涌邨映葵樓,,14103
西貢,寶林邨寶寧樓,,14104
葵青,葵涌邨曉葵樓,,14105
離島,竹篙灣檢疫中心,,14105
黃大仙,彩雲(一)邨長波樓,,14106
觀塘,香港觀塘帝盛酒店,,14106
觀塘,彩興苑彩薈閣B座,,14107
西貢,寶林邨寶寧樓,,14108
西貢,寶林邨寶寧樓,,14109
離島,竹篙灣檢疫中心,,14110
大埔,太和邨翠和樓,,14111
黃大仙,彩雲(一)邨長波樓,,14112
觀塘,觀塘帝盛酒店,,14112
離島,竹篙灣檢疫中心,,14113
東區,華美達盛景酒店,,14114
葵青,葵涌邨逸葵樓,,14115
離島,竹篙灣檢疫中心,,14116
葵青,大窩口邨富逸樓,,14117
離島,竹篙灣檢疫中心,,14117
黃大仙,彩雲(一)邨長波樓,,14118
觀塘,觀塘帝盛酒店,,14118
葵青,石籬(二)邨石榮樓,,14119
荃灣,碧堤半島3座,,14120
西貢,寶林邨寶寧樓,,14121
沙田,聽濤雅苑3座,,14122
沙田,金獅花園2期金貴閣,,14123
元朗,天華邨華逸樓,,14124
元朗,少年警訊永久活動中心,,14124
北區,花都廣場6座,,14125
南區,奧華．時尚精品酒店．南岸,,14126
荃灣,映日灣2座,,14127
九龍城,大龍樓,,14130
荃灣,綠楊新邨P座,,14131
葵青,長青邨青松樓,,14132
屯門,藍地村,,14135
油尖旺,砵蘭街43號,,14136
葵青,葵芳邨葵歡樓,,14137
葵青,葵芳邨葵仁樓,,14138
葵青,葵芳邨葵仁樓,,14139
葵青,葵芳邨葵仁樓,,14140
北區,華明邨頌明樓,,14141
大埔,天賦海灣2期溋玥16座,,14142
大埔,天賦海灣2期溋玥16座,,14143
離島,竹篙灣檢疫中心,,14144
黃大仙,彩雲(二)邨明麗樓,,14145
離島,竹篙灣檢疫中心,,14146
屯門,良景邨良萃樓,,14147
荃灣,荃灣西如心酒店 (低座),,14149
荃灣,荃灣西如心酒店 (低座),,14150
東區,鯉魚門公園及度假村,,14151
黃大仙,慈康邨康添樓,,14152
葵青,葵馥苑安葵閣,,14153
葵青,香港荃灣絲麗酒店,,14153
葵青,葵馥苑安葵閣,,14154
葵青,香港荃灣絲麗酒店,,14154
葵青,葵芳邨葵仁樓,,14155
離島,竹篙灣檢疫中心,,14155
離島,藍天海岸影岸紅B座,,14156
九龍城,永耀街23號,,14157
葵青,石蔭東邨蔭裕樓,,14158
屯門,大興邨興平樓,,14159
元朗,少年警訊永久活動中心,,14159
葵青,葵聯邨聯喜樓,,14160
沙田,博康邨博智樓,,14161
葵青,葵涌邨映葵樓,,14162
離島,竹篙灣檢疫中心,,14162
黃大仙,彩雲(一)邨觀日樓,,14163
東區,維港頌7座,,14164
東區,維港頌7座,,14165
深水埗,元州街31號,,14166
葵青,香港荃灣絲麗酒店,,14166
葵青,葵馥苑安葵閣,,14167
屯門,建生邨樂生樓,,14168
葵青,葵芳邨葵仁樓,,14169
葵青,葵芳邨葵仁樓,,14170
葵青,葵聯邨聯逸樓,,14171
屯門,大興邨興平樓,,14173
元朗,少年警訊永久活動中心,,14173
屯門,大興邨興平樓,,14174
元朗,少年警訊永久活動中心,,14174
大埔,太和邨翠和樓,,14177
黃大仙,彩雲(一)邨長波樓,,14178
九龍城,啟晴邨康晴樓,,14179
黃大仙,彩雲(二)邨玉宇樓,,14180
黃大仙,彩峰苑,,14181
大埔,太和邨翠和樓,,14182
北區,天平邨天喜樓,,14182
離島,竹篙灣檢疫中心,,14183
荃灣,荃灣花園吉祥閣,,14184
離島,竹篙灣檢疫中心,,14184
九龍城,龍譽1B座,,14185
離島,竹篙灣檢疫中心,,14185
油尖旺,砵蘭街336號,,14186
離島,竹篙灣檢疫中心,,14186
油尖旺,砵蘭街336號,,14187
離島,竹篙灣檢疫中心,,14187
油尖旺,砵蘭街336號,,14188
離島,竹篙灣檢疫中心,,14188
黃大仙,彩雲(二)邨明麗樓,,14189
葵青,葵涌邨映葵樓,,14190
九龍城,燕安街18號,,14191
葵青,寧峰苑朗峰閣,,14192
葵青,安蔭邨祥蔭樓,,14193
葵青,安蔭邨祥蔭樓,,14194
離島,竹篙灣檢疫中心,,14195
葵青,葵涌邨映葵樓,,14196
離島,竹篙灣檢疫中心,,14197
黃大仙,宏景花園2座,,14198
離島,竹篙灣檢疫中心,,14198
觀塘,樂華(北)邨普華樓,,14199
離島,竹篙灣檢疫中心,,14199
觀塘,樂華(北)邨普華樓,,14200
離島,竹篙灣檢疫中心,,14200
觀塘,樂華(北)邨普華樓,,14201
離島,竹篙灣檢疫中心,,14201
觀塘,樂華(北)邨普華樓,,14202
離島,竹篙灣檢疫中心,,14202
東區,鯉魚門公園及度假村,,14203
油尖旺,華美達華麗酒店,,14204
屯門,大興邨興平樓,,14205
元朗,少年警訊永久活動中心,,14205
葵青,葵涌邨逸葵樓,,14206
離島,竹篙灣檢疫中心,,14206
離島,香港東涌福朋喜來登酒店,,14207
灣仔,灣仔帝盛酒店,,14208
九龍城,九龍維景酒店,,14209
離島,香港東涌福朋喜來登酒店,,14210
灣仔,銅鑼灣皇悅酒店,,14211
中西區,華美達海景酒店,,14212
中西區,華美達海景酒店,,14213
灣仔,灣仔帝盛酒店,,14214
中西區,華大盛品酒店,,14215
中西區,華大盛品酒店,,14216
灣仔,華麗銅鑼灣酒店,,14217
中西區,壹棠酒店及服務式公寓,,14218
葵青,華逸酒店,,14219
九龍城,富豪東方酒店,,14220
南區,奧華．時尚精品酒店．南岸,,14221
灣仔,華麗銅鑼灣酒店,,14222
屯門,湖景邨湖光樓,,14223
葵青,葵涌邨逸葵樓,,14224
離島,竹篙灣檢疫中心,,14224
離島,映灣園4期聽濤軒16座,,14225
葵青,葵涌邨夏葵樓,,14226
葵青,葵芳邨葵仁樓,,14227
荃灣,海濱花園海銀閣,,14228
中西區,毓明閣1座,,14229
離島,赤鱲角麗豪航天城酒店,,14230
離島,赤鱲角麗豪航天城酒店,,14231
灣仔,銅鑼灣皇悅酒店,,14232
東區,華美達盛景酒店,,14233
九龍城,富豪東方酒店,,14234
九龍城,永耀街23號,,14235
油尖旺,香港海景絲麗酒店,,14235
葵青,大窩口邨富華樓,,14236
葵青,香港荃灣絲麗酒店,,14236
葵青,大窩口邨富華樓,,14237
葵青,香港荃灣絲麗酒店,,14237
油尖旺,奶路臣街 2-2K號順景大廈,,14238
油尖旺,香港海景絲麗酒店,,14238
西貢,日出康城MALIBU 5A期1B座,,14239
屯門,富泰邨秀泰樓,,14240
大埔,美新大廈,,14241
中西區,華美達海景酒店,,14242
九龍城,裕新大廈,,14244
葵青,葵馥苑安葵樓,,14245
沙田,新翠邨新明樓,,14246
沙田,新翠邨新明樓,,14247
葵青,葵涌邨逸葵樓,,14248
離島,竹篙灣檢疫中心,,14248
東區,富怡花園1座,,14249
葵青,石籬(二)邨石華樓,,14250
元朗,朗屏邨悅屏樓,,14251
屯門,湖景邨湖光樓,,14252
葵青,石蔭東邨蔭裕樓,,14253
元朗,水邊圍邨碧水樓,,14254
大埔,美新大廈,,14255
大埔,美新大廈,,14256
觀塘,油麗邨雍麗樓,,14257
離島,竹篙灣檢疫中心,,14257
黃大仙,彩雲(一)邨時雨樓,,14258
黃大仙,彩雲(一)邨時雨樓,,14259
深水埗,凱樂苑凱曈閣,,14260
屯門,良景邨良智樓,,14261
大埔,太和邨翠和樓,,14262
觀塘,油塘邨貴塘樓,,14263
深水埗,大坑東邨東滿樓,,14264
黃大仙,彩雲(二)邨明麗樓,,14265
深水埗,大坑東邨東滿樓,,14266
大埔,海日灣II 11座,,14267
九龍城,中南大廈,,14268
黃大仙,慈康邨康添樓,,14269
觀塘,觀塘帝盛酒店,,14269
黃大仙,慈康邨康添樓,,14270
觀塘,觀塘帝盛酒店,,14270
黃大仙,慈康邨康添樓,,14271
觀塘,觀塘帝盛酒店,,14271
大埔,太和邨翠和樓,,14272
大埔,富善邨善景樓,,14273
九龍城,燕安街26-28號,,14274
南區,南灣如心酒店,,14275
觀塘,安順大樓,,14276
東區,鯉魚門公園及度假村,,14276
觀塘,安順大樓,,14277
東區,鯉魚門公園及度假村,,14277
葵青,新葵芳花園Ｃ座,,14278
離島,竹篙灣檢疫中心,,14278
葵青,葵涌邨秋葵樓,,14279
離島,竹篙灣檢疫中心,,14279
離島,竹篙灣檢疫中心,,14280
葵青,葵涌邨映葵樓,,14281
離島,竹篙灣檢疫中心,,14281
荃灣,荃灣花園吉祥閣,,14282
離島,竹篙灣檢疫中心,,14282
葵青,石蔭東邨蔭裕樓,,14283
離島,竹篙灣檢疫中心,,14283
葵青,葵聯邨聯欣樓,,14284
離島,竹篙灣檢疫中心,,14284
九龍城,合成大廈,,14285
離島,竹篙灣檢疫中心,,14285
葵青,石蔭東邨蔭裕樓,,14286
離島,竹篙灣檢疫中心,,14286
九龍城,合成大廈,,14287
離島,竹篙灣檢疫中心,,14287
九龍城,合成大廈,,14288
離島,竹篙灣檢疫中心,,14288
九龍城,合成大廈,,14289
離島,竹篙灣檢疫中心,,14289
九龍城,合成大廈,,14290
離島,竹篙灣檢疫中心,,14290
離島,竹篙灣檢疫中心,,14291
葵青,石蔭東邨蔭裕樓,,14292
離島,竹篙灣檢疫中心,,14292
葵青,石蔭東邨蔭裕樓,,14293
離島,竹篙灣檢疫中心,,14293
九龍城,鳳儀街26-28號,,14294
離島,竹篙灣檢疫中心,,14294
九龍城,鳳儀街26-28號,,14295
離島,竹篙灣檢疫中心,,14295
九龍城,燕安街18-20號,,14296
觀塘,觀塘帝盛酒店,,14296
九龍城,燕安街18-20號,,14297
觀塘,觀塘帝盛酒店,,14297
沙田,美城苑暉城閣,,14298
九龍城,鳳儀街26-28號,,14299
離島,竹篙灣檢疫中心,,14299
黃大仙,彩雲(一)邨日月樓,,14300
觀塘,觀塘帝盛酒店,,14300
九龍城,鳳儀街26-28號,,14301
離島,竹篙灣檢疫中心,,14301
葵青,葵涌邨芷葵樓,,14302
葵青,葵涌邨曉葵樓,,14303
離島,竹篙灣檢疫中心,,14303
九龍城,上鄉道 15-15A號,,14304
九龍城,上鄉道 15-15A號,,14305
黃大仙,慈康邨康添樓,,14306
觀塘,觀塘帝盛酒店,,14306
黃大仙,彩雲(二)邨明麗樓,,14307
深水埗,福榮街102-106號,,14308
葵青,葵涌邨芷葵樓,,14309
九龍城,時盛大廈,,14310
西貢,明德邨明覺樓,,14311
黃大仙,彩雲(二)邨明麗樓,,14312
油尖旺,東發樓,,14313
北區,花都廣場6座,,14314
油尖旺,翠園大樓1期,,14315
葵青,宏福花園2座,,14316
葵青,香港荃灣絲麗酒店,,14316
沙田,美林邨美桃樓,,14317
葵青,寧峰苑晴峰閣,,14318
離島,竹篙灣檢疫中心,,14318
沙田,碧濤花園1期百利閣,,14319
深水埗,建新大樓,,14320
深水埗,麗翠苑麗棠閣,,14321
沙田,秦石邨石暉樓,,14322
屯門,澤豐花園澤富樓,,14323
深水埗,南昌街137-139號,,14324
屯門,龍門居7座,,14325
油尖旺,必發道10-12號大安樓,,14326
離島,竹篙灣檢疫中心,,14326
觀塘,彩興苑彩薈閣 B座,,14327
離島,竹篙灣檢疫中心,,14327
西貢,寶林邨寶寧樓,,14328
離島,竹篙灣檢疫中心,,14328
荃灣,綠楊新邨P座,,14329
離島,竹篙灣檢疫中心,,14329
荃灣,綠楊新邨F座,,14330
元朗,屏欣苑屏彥閣,,14331
西貢,寶盈花園6座,,14332
屯門,黃金海岸商場 (非住宅),05/01/2022,"12987, 12988"
東區,國都廣場 (非住宅),06/01/2022,"12825, 12860, 12880, 12913, 12960"
屯門,馬錦明慈善基金馬可賓紀念中學 (非住宅),07/01/2022,"12966, 12988"
屯門,屯門官立中學 (非住宅),07/01/2022,"12966, 12988"
屯門,愛定商場 (非住宅),09/01/2022,"12945, 12966"
油尖旺,The ONE ÔDELICE (非住宅),16/01/2022,"13072, 13092"
中西區,德輔道西271-285號 明星海鮮燒鵝專門店 (非住宅),17/01/2022,"13073, 13198"
油尖旺,K11人文購物藝術館 (非住宅),17/01/2022,"13072, 13092"
離島,機場空運中心 (非住宅),18/01/2022,13090
荃灣,昌華大廈地下 (非住宅),18/01/2022,13092
黃大仙,龍蟠苑商場 (非住宅),18/01/2022,13093
荃灣,南豐中心 Kim’s Spoon (非住宅),18/01/2022,13092
九龍城,凱旋工商中心1期 (非住宅),18/01/2022,13107
觀塘,寶業大廈 (非住宅),18/01/2022,13107
九龍城,海逸坊 海逸皇宮大酒樓 (非住宅),18/01/2022,13107
葵青,勝華大廈地下 (非住宅),18/01/2022,13128
灣仔,利東街 PizzaExpress (非住宅),18/01/2022,13126
葵青,勝華大廈 香港仔魚蛋王 (非住宅),18/01/2022,13128
葵青,長發廣場 吉野家 (非住宅),18/01/2022,13131
葵青,大窩口邨富泰樓 (非住宅),18/01/2022,13131
深水埗,西九龍法院大樓Ａ座 (非住宅),18/01/2022,13131
深水埗,西九龍中心 美食廣場 (非住宅),18/01/2022,13147
觀塘,麗晶商場 南豐餐廳 (非住宅),18/01/2022,13143
沙田,香港中文大學樂群館梁雄姬樓 當下 (非住宅),18/01/2022,13142
沙田,香港中文大學聯合書院胡忠圖書館 (非住宅),18/01/2022,13142
元朗,俊賢坊 百味軒 (非住宅),18/01/2022,13157
元朗,好順泰大廈 嘉嘉好宴會廳 (非住宅),18/01/2022,13157
元朗,同益街市 (非住宅),18/01/2022,13157
葵青,葵涌邨曉葵樓地下 (非住宅),18/01/2022,13172
黃大仙,采頤花園 馬六 (非住宅),18/01/2022,13188
九龍城,翔龍灣廣場 海港酒家 (非住宅),18/01/2022,13198
葵青,葵涌郵政局 (非住宅),18/01/2022,13200
葵青,循道衛理聯合教會亞斯理堂 (非住宅),18/01/2022,13215
葵青,恒景商場 八方雲集 (非住宅),18/01/2022,13212
葵青,樂善堂顧超文中學 (非住宅),18/01/2022,13212
荃灣,眾安大廈地下 (非住宅),18/01/2022,13226
黃大仙,六合工業大廈 (非住宅),18/01/2022,13230
中西區,信德中心 (非住宅),18/01/2022,13230
中西區,地利根德閣3座 (非住宅),18/01/2022,13230
九龍城,何文田廣場 (非住宅),18/01/2022,13258
葵青,金德工業大廈 (非住宅),18/01/2022,13287
黃大仙,香港房屋委員會客務中心 (非住宅),18/01/2022,13287
荃灣,荃灣中心2期商場 (非住宅),18/01/2022,"13287, 13289"
離島,香港教育工作者聯會黃楚標學校 (非住宅),18/01/2022,13294
葵青,葵芳廣場 海港燒鵝海鮮酒家 (非住宅),18/01/2022,13338
黃大仙,黃大仙分區警署 (非住宅),18/01/2022,13381
觀塘,信和工商中心 祥和食堂 (非住宅),18/01/2022,13468
黃大仙,鳳凰村大廈 友記 (非住宅),18/01/2022,13477
油尖旺,入境事務處 - 西九龍辦事處 (非住宅),18/01/2022,13599
深水埗,地利亞修女紀念學校(百老匯) (非住宅),19/01/2022,"13067, 13069, 13079, 13093, 13101"
荃灣,寶石大廈 牛奶冰室 (非住宅),19/01/2022,13107
葵青,長康邨康貴樓地下 (非住宅),19/01/2022,"13100, 13125"
荃灣,恒生荃灣大廈 (非住宅),19/01/2022,13107
葵青,青衣城 (非住宅),19/01/2022,"13100, 13125, 13280"
葵青,華星工業大廈 (非住宅),19/01/2022,13104
葵青,大窩口邨富強樓 (非住宅),19/01/2022,13117
離島,香港國際機場 啟翔2職員餐廳 (非住宅),19/01/2022,13116
灣仔,集成中心 (非住宅),19/01/2022,13126
南區,漁安苑銀安閣 (非住宅),19/01/2022,13126
葵青,長發廣場 (非住宅),19/01/2022,"13131, 13170"
觀塘,協和大廈 (非住宅),19/01/2022,13136
南區,香港仔工業學校 (非住宅),19/01/2022,13142
葵青,長康邨第二街市 (非住宅),19/01/2022,13143
深水埗,桂祥大廈 大家樂 (非住宅),19/01/2022,13147
深水埗,地利亞修女紀念學校(吉利徑) (非住宅),19/01/2022,13155
油尖旺,港威商場 Xuân Modern Vietnamese (非住宅),19/01/2022,13157
灣仔,珠城大廈 (非住宅),19/01/2022,13151
荃灣,南豐紗廠 (非住宅),19/01/2022,13158
葵青,德昌大廈 德昌護老院 (非住宅),19/01/2022,13168
黃大仙,東匯邨 匯智樓 (非住宅),19/01/2022,13168
灣仔,富通大廈 (非住宅),19/01/2022,13171
元朗,麗湖居6座 (非住宅),19/01/2022,13184
葵青,豐樹青衣物流中心 (非住宅),19/01/2022,"13183, 13280"
荃灣,街市街10-22號地下 (非住宅),19/01/2022,13197
荃灣,街市街4號地下 (非住宅),19/01/2022,13197
荃灣,四陂坊 德發龍粥麵店 (非住宅),19/01/2022,13197
荃灣,富麗商場 甜點 (非住宅),19/01/2022,13190
荃灣,富麗商場 (非住宅),19/01/2022,"13200, 13226, 13228"
西貢,下洋村 (非住宅),19/01/2022,13219
油尖旺,星光行 (非住宅),19/01/2022,13217
荃灣,荃薈地下 (非住宅),19/01/2022,13224
葵青,大窩口第二商場 (非住宅),19/01/2022,13223
葵青,德泰大廈地下 (非住宅),19/01/2022,13230
葵青,葵盛東商場 銀龍粉麵茶餐廳 (非住宅),19/01/2022,13235
油尖旺,官涌市政大廈 (非住宅),19/01/2022,13234
沙田,百適(二倉)大厦 (非住宅),19/01/2022,13238
沙田,威力工業中心 館一千 (非住宅),19/01/2022,13238
中西區,中環廣場 (非住宅),19/01/2022,13249
荃灣,高惠樓 冠生園美食 (非住宅),19/01/2022,13240
油尖旺,龍華大廈 品味料理 (非住宅),19/01/2022,13247
油尖旺,港鐵尖東站 (非住宅),19/01/2022,13247
荃灣,德士古道工業中心 (非住宅),19/01/2022,13240
油尖旺,永年士多 (非住宅),19/01/2022,13241
沙田,積福街84號 (非住宅),19/01/2022,13257
葵青,嶺南鍾榮光博士紀念中學 (非住宅),19/01/2022,13250
葵青,大隴街153號地下 (非住宅),19/01/2022,13276
沙田,田心村258號地下 金源粉麵茶餐廳 (非住宅),19/01/2022,13275
葵青,金祿樓地下 鴻苑魚蛋粉麵茶餐廳 (非住宅),19/01/2022,13276
荃灣,時貿中心 (非住宅),19/01/2022,13279
葵青,新都會廣場 L.D.K. by Ufufu Café (非住宅),19/01/2022,13276
黃大仙,銀鳳街13A號地下 味源車仔麵 (非住宅),19/01/2022,13282
荃灣,德士古道45號 金象泰小館 (非住宅),19/01/2022,13287
荃灣,荃新天地2期 茶泰 (非住宅),19/01/2022,13296
屯門,東亞紗廠工業大廈 (非住宅),19/01/2022,13297
油尖旺,伊利沙伯中學 (非住宅),19/01/2022,13299
荃灣,路德圍14-18號 樓下冰室 (非住宅),19/01/2022,13310
沙田,乙明邨街7號 壹小籠 (非住宅),19/01/2022,13311
沙田,河畔花園D座 叉燒大王 (非住宅),19/01/2022,13311
葵青,長宏商場 穏記茶餐廳 (非住宅),19/01/2022,13312
油尖旺,梁顯利油麻地社區中心 (非住宅),19/01/2022,13336
葵青,新苑記牛腩粉麵專家 (非住宅),19/01/2022,13339
荃灣,香港賽馬會場外投注處 (荃灣沙咀道) (非住宅),19/01/2022,13339
灣仔,利東街 牛角Buffet (非住宅),19/01/2022,13340
葵青,Life@KCC 吉野家 (非住宅),19/01/2022,13353
油尖旺,美麗都大廈 (非住宅),19/01/2022,13423
油尖旺,海運大廈 (非住宅),19/01/2022,13423
中西區,立法會綜合大樓 (非住宅),19/01/2022,13446
觀塘,九龍灣國際展貿中心 海街丼 (非住宅),19/01/2022,13468
黃大仙,新光中心 譚仔雲南米線 (非住宅),19/01/2022,13477
葵青,德士古道53號 永利餐廰 (非住宅),19/01/2022,13689
葵青,仁雅大廈 金園餐廳 (非住宅),19/01/2022,13689
灣仔,維安商業大廈 龍城冰室 (非住宅),19/01/2022,13892
灣仔,建利大廈地下 (非住宅),19/01/2022,14102
葵青,葵盛東商場 喜洋洋美食 (非住宅),19/01/2022,14160
南區,南寧街1-5號 龍薈 (非住宅),20/01/2022,"13073, 13110, 13267"
東區,莊士軒地下 (非住宅),20/01/2022,13108
葵青,大窩口邨富民樓 (非住宅),20/01/2022,13117
葵青,大窩口邨富邦樓 (非住宅),20/01/2022,13117
離島,東薈城 麥當勞 (非住宅),20/01/2022,13138
荃灣,廣發大廈 潮隆泰 (非住宅),20/01/2022,13134
荃灣,德範樓 趣苑茶餐廳 (非住宅),20/01/2022,13133
深水埗,汝州街276號 肥仔記 (非住宅),20/01/2022,13147
葵青,宏華大廈地下 (非住宅),20/01/2022,13146
灣仔,怡和街22號 (非住宅),20/01/2022,"13157, 13516"
中西區,聯華大廈地下 (非住宅),20/01/2022,"13157, 13516"
油尖旺,馬哥孛羅香港酒店 (非住宅),20/01/2022,"13157, 13383"
葵青,葵涌商場 松悅園耆和護養院 (非住宅),20/01/2022,13168
葵青,石籬商場(第2期) (非住宅),20/01/2022,13170
沙田,橋下路5號 (非住宅),20/01/2022,13188
油尖旺,香港逸東酒店 逸東軒 (非住宅),20/01/2022,13187
荃灣,兆和街3號地下 (非住宅),20/01/2022,13187
葵青,葵樂商場 (非住宅),20/01/2022,13186
荃灣,荃灣千色匯1期 御名園 (非住宅),20/01/2022,13194
葵青,光輝大厦 雲貴軒米線專門店 (非住宅),20/01/2022,13194
油尖旺,旺角電腦中心 (非住宅),20/01/2022,13199
葵青,德大閣地下 (非住宅),20/01/2022,13209
油尖旺,鴻都大廈 吉野家 (非住宅),20/01/2022,13202
荃灣,荃灣政府合署 (非住宅),20/01/2022,13203
葵青,東華三院陳兆民中學 (非住宅),20/01/2022,13206
葵青,德泰大廈 美味香車仔麵 (非住宅),20/01/2022,13216
油尖旺,彌敦道700號 (非住宅),20/01/2022,13224
中西區,德祐大廈 恆香冰室 (非住宅),20/01/2022,13221
荃灣,德士古道47號地下 (非住宅),20/01/2022,13225
中西區,至德大廈 貳號冰室 (非住宅),20/01/2022,13221
中西區,無限極廣場 太平洋咖啡 (非住宅),20/01/2022,13221
中西區,東協商業大廈 (非住宅),20/01/2022,13221
油尖旺,廟街280號地下 港里冰廳 (非住宅),20/01/2022,13234
油尖旺,公園大廈 好盛冰室 (非住宅),20/01/2022,13234
荃灣,華興工業大廈 (非住宅),20/01/2022,13237
中西區,易通商業大廈 (非住宅),20/01/2022,13240
中西區,太古廣場1座 (非住宅),20/01/2022,13249
中西區,上環街市及熟食中心 (非住宅),20/01/2022,13240
油尖旺,美麗華廣場 (非住宅),20/01/2022,"13241, 13599"
油尖旺,亞皆老街102號 (非住宅),20/01/2022,13252
荃灣,沙咀道245號 山西刀削麵皇 (非住宅),20/01/2022,13258
深水埗,界限街38號 小蓉麵家 (非住宅),20/01/2022,13252
沙田,京瑞廣場 華星冰室 (非住宅),20/01/2022,13257
深水埗,青山道234號地下 佳記美食 (非住宅),20/01/2022,13275
深水埗,荔枝角道873號地下 荷里活冰室 (非住宅),20/01/2022,13276
黃大仙,匯達商業中心 (非住宅),20/01/2022,13278
沙田,富輝花園2座 (非住宅),20/01/2022,13282
觀塘,富利工業大廈 深仔記 (非住宅),20/01/2022,13282
葵青,聖公會荊冕堂士德幼稚園 (非住宅),20/01/2022,13286
油尖旺,香港帝苑酒店 (非住宅),20/01/2022,13284
荃灣,荃新天地2期 逸月軒 (非住宅),20/01/2022,13296
葵青,葵芳閣地下 (非住宅),20/01/2022,13298
九龍城,怡景大廈地下 魔怪食堂 (非住宅),20/01/2022,"13292, 13392"
葵青,大鴻輝(葵涌)中心1期 大家樂 (非住宅),20/01/2022,13298
荃灣,川龍村2號 彩龍茶樓 (非住宅),20/01/2022,13309
觀塘,富登中心 (非住宅),20/01/2022,13309
九龍城,益發大廈 力天冰室 (非住宅),20/01/2022,13306
北區,新成路105號 蛇王兄小廚 (非住宅),20/01/2022,13311
觀塘,瑞和街9號 (非住宅),20/01/2022,13315
荃灣,和盛樓 富都茶餐廳 (非住宅),20/01/2022,13311
油尖旺,流尚坊 品味冰室 (非住宅),20/01/2022,13322
荃灣,綠楊坊 丼丼屋 (非住宅),20/01/2022,13329
荃灣,南豐中心 麥當勞 (非住宅),20/01/2022,13333
荃灣,南豐中心 譚仔三哥米線 (非住宅),20/01/2022,13333
葵青,亞洲貨櫃物流中心 (非住宅),20/01/2022,13349
荃灣,眾安街 魚米 (非住宅),20/01/2022,13348
深水埗,幸福商場 意樂餐廳 (非住宅),20/01/2022,13345
荃灣,悅來坊 薩莉亞意式餐廳 (非住宅),20/01/2022,13363
離島,逸東商場 大家樂 (非住宅),20/01/2022,13375
九龍城,The Argyle 地下 十字冰室 (非住宅),20/01/2022,13386
九龍城,怡景大廈地下 The Little Devil (非住宅),20/01/2022,13384
沙田,恆安商場 (非住宅),20/01/2022,13389
深水埗,V Walk 百份百餐廳 (非住宅),20/01/2022,13381
葵青,青年學院(葵涌) (非住宅),20/01/2022,13384
觀塘,鴻圖中心 愛琴坊 (非住宅),20/01/2022,13396
葵青,新都會廣場 新麻蒲 BBQ (非住宅),20/01/2022,13393
觀塘,SML Tower (非住宅),20/01/2022,13396
油尖旺,馬哥孛羅港威酒店 (非住宅),20/01/2022,"13399, 13516"
九龍城,富威花園A座 (非住宅),20/01/2022,13420
九龍城,富威花園B座 (非住宅),20/01/2022,13420
灣仔,入境事務大樓 (非住宅),20/01/2022,13423
沙田,沙田商業中心 (非住宅),20/01/2022,13423
灣仔,銅鑼灣廣場2期 牛大人台灣火鍋吃到飽 (非住宅),20/01/2022,13446
油尖旺,中銀中心 (非住宅),20/01/2022,13466
油尖旺,大貴樓 御品·千之味 (非住宅),20/01/2022,13466
沙田,馬鞍山廣場 (非住宅),20/01/2022,13477
沙田,馬鞍山廣場 大快活 (非住宅),20/01/2022,13477
黃大仙,黃大仙中心 吉野家 (非住宅),20/01/2022,13622
葵青,德士古道23號 歡聚餐廳小廚 (非住宅),20/01/2022,13689
深水埗,青山道658號 瑞士咖啡室 (非住宅),20/01/2022,13701
觀塘,Eastmark (非住宅),20/01/2022,13757
離島,佛教筏可紀念中學 (非住宅),21/01/2022,"13098, 13099, 13114, 13137, 13138, 13139, 13140, 13220, 13375, 13889"
葵青,葵涌邨逸葵樓 (非住宅),21/01/2022,"13100, 13127, 13259, 13372, 13395"
離島,亞洲國際博覽館 (非住宅),21/01/2022,13134
深水埗,福榮街64號 台食館 (非住宅),21/01/2022,13147
深水埗,長沙灣政府合署 (非住宅),21/01/2022,"13147, 13202, 13390"
中西區,皇后大道西453號地下 源興隆麵家 (非住宅),21/01/2022,13157
中西區,西營盤街市 (非住宅),21/01/2022,13157
葵青,葵涌商場 四季餐廳 (非住宅),21/01/2022,"13170, 13197, 13230, 13234, 13297, 13430, 13495, 13536"
葵青,葵涌商場 葵康車仔麵 (非住宅),21/01/2022,"13170, 13202, 13216"
荃灣,眾安街22號地下 銀龍粉麵茶餐廳 (非住宅),21/01/2022,13197
荃灣,周合成大廈地下 (非住宅),21/01/2022,13197
葵青,葵涌蘇浙公學 (非住宅),21/01/2022,"13195, 13393, 13402"
荃灣,荃灣千色匯1期 半島漁港 (非住宅),21/01/2022,"13194, 13348"
葵青,葵涌商場 大家樂 (非住宅),21/01/2022,"13192, 13197, 13212, 13215, 13261, 13431, 13530"
葵青,獅子會中學 (非住宅),21/01/2022,"13192, 13204, 13214"
荃灣,荃新天地1期 (非住宅),21/01/2022,13202
荃灣,川龍街113號地下 (非住宅),21/01/2022,13202
油尖旺,利豐大廈地下 福薈火鍋餐廳 (非住宅),21/01/2022,"13207, 13315, 13420"
葵青,港鐵葵興站 (非住宅),21/01/2022,"13208, 13256"
葵青,葵涌商場 一粥麵 (非住宅),21/01/2022,13211
葵青,佛教善德英文中學 (非住宅),21/01/2022,"13227, 13537"
葵青,好爵中心 (非住宅),21/01/2022,13224
荃灣,綠楊坊 (非住宅),21/01/2022,13226
灣仔,時代廣場 (非住宅),21/01/2022,13221
灣仔,時代廣場 Lady M (非住宅),21/01/2022,13221
中西區,德輔道西143-145號地下 濠景茶餐廳 (非住宅),21/01/2022,13234
荃灣,沙咀道236號地下 (非住宅),21/01/2022,13233
荃灣,街市街47號地下 潮龍園 (非住宅),21/01/2022,13233
油尖旺,上海街90號地下 佳記冰室 (非住宅),21/01/2022,13234
觀塘,安盛金融大樓地下 (非住宅),21/01/2022,13230
黃大仙,泰力工業大廈 金沙燒味餐廳 (非住宅),21/01/2022,13230
觀塘,宏利廣場 (非住宅),21/01/2022,13230
觀塘,裕民中心 (非住宅),21/01/2022,13230
觀塘,溢財中心 好廚坊 (非住宅),21/01/2022,13247
中西區,MW Tower (非住宅),21/01/2022,13240
荃灣,德士古道47號 (非住宅),21/01/2022,13253
九龍城,香港房屋委員會總部 (非住宅),21/01/2022,"13258, 13611"
沙田,瀝源廣場 青越亭 (非住宅),21/01/2022,"13257, 13637"
油尖旺,炮台街85號 百寶小食 (非住宅),21/01/2022,13276
深水埗,海麗商場 大快活 (非住宅),21/01/2022,13276
油尖旺,愛賓商業大廈 牛駅麻辣火鍋放題 (非住宅),21/01/2022,13282
油尖旺,逸豪酒店 (非住宅),21/01/2022,13282
九龍城,香港浸信會醫院 (非住宅),21/01/2022,13284
黃大仙,寶城工業大廈 (非住宅),21/01/2022,13281
荃灣,眾安大廈 (非住宅),21/01/2022,13298
油尖旺,昌明大廈地下 豬大王 (非住宅),21/01/2022,"13292, 13384, 13392"
油尖旺,半島中心 (非住宅),21/01/2022,13299
東區,金華街5號 成記雲吞麵 (非住宅),21/01/2022,13305
觀塘,曉光閣 (非住宅),21/01/2022,13309
沙田,沙田廣場 (非住宅),21/01/2022,"13311, 13423"
沙田,禾輋商場 (非住宅),21/01/2022,13312
油尖旺,中港城 (非住宅),21/01/2022,13322
油尖旺,新填地街26號地下 新花清湯腩餃子店 (非住宅),21/01/2022,13322
荃灣,眾安街90號地下 (非住宅),21/01/2022,13330
九龍城,英皇佐治五世學校 (非住宅),21/01/2022,13335
深水埗,南昌薈 麥當勞 (非住宅),21/01/2022,13336
油尖旺,官立嘉道理爵士中學(西九龍) (非住宅),21/01/2022,13336
荃灣,大鴻輝(荃灣)中心 (非住宅),21/01/2022,13333
荃灣,荃錦中心 美心MX (非住宅),21/01/2022,13333
荃灣,東亞花園長發樓 (非住宅),21/01/2022,13344
東區,健威坊 譚仔三哥米線 (非住宅),21/01/2022,13349
荃灣,太子大廈 (非住宅),21/01/2022,13340
灣仔,駱克道 百勝吧餐廳 (非住宅),21/01/2022,13340
荃灣,荃灣街市街 漢都粉麵茶餐廳 (非住宅),21/01/2022,13340
中西區,太古廣場二座 (非住宅),21/01/2022,13340
中西區,統一中心 (非住宅),21/01/2022,13340
中西區,永吉街30號地下 (非住宅),21/01/2022,13356
灣仔,中國網絡中心 (非住宅),21/01/2022,13364
屯門,天生樓樓下 椰仔冰室 (非住宅),21/01/2022,13366
葵青,天主教慈幼會伍少梅中學 (非住宅),21/01/2022,13367
深水埗,宇晴滙 (非住宅),21/01/2022,13369
荃灣,榮安大廈 源記粉麵茶餐廳 (非住宅),21/01/2022,13360
荃灣,環宇海灣8座 (非住宅),21/01/2022,13374
葵青,葵祥大厦地下 食臺 (非住宅),21/01/2022,13376
九龍城,勝利大廈地下 華園牛腩專門店 (非住宅),21/01/2022,13386
深水埗,香港專業教育學院(黃克競分校) (非住宅),21/01/2022,13384
沙田,馬鞍山廣場 薩莉亞意式餐廳 (非住宅),21/01/2022,13381
荃灣,環宇海灣 (非住宅),21/01/2022,13397
油尖旺,窩打老道73號地下 永利餐廳 (非住宅),21/01/2022,13391
油尖旺,洗衣街88號地下 太興 (非住宅),21/01/2022,13391
葵青,葵涌廣場 譚仔三哥米線 (非住宅),21/01/2022,13393
沙田,美田商場 大圍龍順軒海鮮酒家 (非住宅),21/01/2022,13390
葵青,灝景灣購物中心 賓墟冰室 (非住宅),21/01/2022,13420
沙田,好運中心 (非住宅),21/01/2022,"13423, 13903"
荃灣,安裕大廈 晨光餐廳 (非住宅),21/01/2022,13420
沙田,沙田中心 (非住宅),21/01/2022,13423
沙田,沙田政府合署 (非住宅),21/01/2022,13423
葵青,石蔭商場 大快活 (非住宅),21/01/2022,13429
大埔,八號花園3座 (非住宅),21/01/2022,13430
大埔,昌運中心地下 瑞峰軒 (非住宅),21/01/2022,13430
大埔,翠屏花園地下 (非住宅),21/01/2022,13430
葵青,樂善堂梁植偉紀念中學 (非住宅),21/01/2022,13431
西貢,翠林邨雅林樓 (非住宅),21/01/2022,13437
西貢,翠林邨商場 大家樂 (非住宅),21/01/2022,13437
大埔,仁濟醫院蔡衍濤小學 (非住宅),21/01/2022,13430
葵青,葵興商場 花園酒家 (非住宅),21/01/2022,13445
屯門,屯門政府合署平台 (非住宅),21/01/2022,13448
離島,東涌天主教學校 (非住宅),21/01/2022,13451
葵青,葵涌循道中學 (非住宅),21/01/2022,13465
油尖旺,名駒中心 (非住宅),21/01/2022,13472
東區,政府物料營運中心 (非住宅),21/01/2022,13476
葵青,葵順街熟食市場 (非住宅),21/01/2022,13476
葵青,永康工業大廈 新好景食堂 (非住宅),21/01/2022,13476
黃大仙,鳳凰大廈 濃記車仔麵 (非住宅),21/01/2022,13481
東區,東區尤德夫人那打素醫院 山景餐廳 (非住宅),21/01/2022,13489
葵青,葵涌商場 葵康車仔麵咖啡小食 (非住宅),21/01/2022,13495
葵青,活＠KCC 南記冰室 (非住宅),21/01/2022,13492
觀塘,啟田商場地下 (非住宅),21/01/2022,13502
九龍城,協恩中學 (非住宅),21/01/2022,13500
沙田,香港科學園19W大樓 Hunky Dory (非住宅),21/01/2022,13506
大埔,新達廣場 (非住宅),21/01/2022,13506
黃大仙,現崇山商場 客滿庭 (非住宅),21/01/2022,"13526, 13527"
黃大仙,坪石邨停車場 (非住宅),21/01/2022,13526
沙田,穗禾苑商場地下 (非住宅),21/01/2022,13533
葵青,德泰大廈 新三寶快餐店 (非住宅),21/01/2022,13549
荃灣,德士古道36號地下 (非住宅),21/01/2022,13551
油尖旺,金鑽璽 (非住宅),21/01/2022,13577
葵青,大窩口邨富碧樓 (非住宅),21/01/2022,13585
黃大仙,啟鑽苑商埸 (非住宅),21/01/2022,13592
黃大仙,荷里活廣場 HOKO Farm (非住宅),21/01/2022,13592
荃灣,沙咀道355號 大鼻滷 (非住宅),21/01/2022,13620
荃灣,富麗花園 榮泰茶餐廳 (非住宅),21/01/2022,13620
沙田,美林商場 麥當勞 (非住宅),21/01/2022,13637
油尖旺,星光行 上海姥姥 (非住宅),21/01/2022,13678
荃灣,宏華大廈 (非住宅),21/01/2022,"13759, 13768"
九龍城,仁安大廈 高明瀨粉 (非住宅),21/01/2022,13757
東區,富怡花園 (非住宅),21/01/2022,13859
灣仔,銅鑼灣地帶 (非住宅),21/01/2022,13892
灣仔,東角Laforet (非住宅),21/01/2022,13892
灣仔,金利文廣場 銀龍茶餐廳 (非住宅),21/01/2022,13892
觀塘,德福商場1期 (非住宅),21/01/2022,13892
灣仔,皇室堡 (非住宅),21/01/2022,13892
屯門,V City 老虎冰室 (非住宅),22/01/2022,"12966, 12988, 13366"
深水埗,萬事達廣場 (非住宅),22/01/2022,"13072, 13337"
觀塘,裕民坊 (非住宅),22/01/2022,"13088, 13423"
荃灣,悅來酒店 (非住宅),22/01/2022,"13134, 13235, 13608"
荃灣,南豐中心 (非住宅),22/01/2022,"13162, 13333, 13340, 13342, 13360, 13785, 14160"
荃灣,荃灣西如心酒店 (非住宅),22/01/2022,13168
荃灣,海之戀商場 (非住宅),22/01/2022,"13170, 13340"
葵青,中華傳道會李賢堯紀念中學 (非住宅),22/01/2022,"13210, 13213, 13424, 14160"
荃灣,象山邨街市及熟食檔 (非住宅),22/01/2022,13255
屯門,黃金海岸遊艇會 (非住宅),22/01/2022,"13287, 13448"
油尖旺,The Forest 東京チカラめし (非住宅),22/01/2022,13292
沙田,豐利工業中心 (非住宅),22/01/2022,13304
油尖旺,碧薈 太興 (非住宅),22/01/2022,13306
沙田,宇宙工業中心 景城冰室 (非住宅),22/01/2022,13304
九龍城,榮英大廈 合發茶餐廳 (非住宅),22/01/2022,13305
觀塘,APM 潮館 (非住宅),22/01/2022,13315
荃灣,寶石大廈 (非住宅),22/01/2022,13348
東區,海關總部大樓 (非住宅),22/01/2022,"13349, 13476"
荃灣,食得喜小廚 (非住宅),22/01/2022,13340
中西區,IFC Mall 利苑酒家 (非住宅),22/01/2022,13340
荃灣,悅來坊 丸龜製麵 (非住宅),22/01/2022,13340
東區,七姊妹道 韓味屋 (非住宅),22/01/2022,13349
葵青,運芳洋樓地下 (非住宅),22/01/2022,13353
油尖旺,豉油街 譚仔雲南米線 (非住宅),22/01/2022,13352
屯門,利源樓地下 (非住宅),22/01/2022,13366
觀塘,石硤尾邨第一期美如樓 (非住宅),22/01/2022,13367
屯門,仁愛堂賽馬會社區及體育中心 (非住宅),22/01/2022,13366
離島,東薈城名店倉 (非住宅),22/01/2022,13375
屯門,海趣坊 翠華餐廳 (非住宅),22/01/2022,13374
九龍城,播道醫院 (非住宅),22/01/2022,13384
油尖旺,花園街市政大廈 (非住宅),22/01/2022,13392
九龍城,勝利道26號地下 新奇香冰室 (非住宅),22/01/2022,13392
油尖旺,太子弼街47號地下 金華冰廳 (非住宅),22/01/2022,13392
離島,滿樂坊地下 滿東冰室 (非住宅),22/01/2022,13392
沙田,新城市廣場 (非住宅),22/01/2022,13390
荃灣,海之戀商場 鼎家喜筷 (非住宅),22/01/2022,13397
黃大仙,黃大仙中心北館 翠華餐廳 (非住宅),22/01/2022,13391
沙田,名城3期2座 (非住宅),22/01/2022,13420
沙田,聯邦中心 (非住宅),22/01/2022,13423
沙田,港鐵大圍站 大快活 (非住宅),22/01/2022,13420
觀塘,瑞和街街市 (非住宅),22/01/2022,13423
北區,華明邨信明樓 (非住宅),22/01/2022,13427
九龍城,聚寶坊 鮨文 (非住宅),22/01/2022,13427
荃灣,荃灣城市廣場 (非住宅),22/01/2022,13426
葵青,華基工業大廈 (非住宅),22/01/2022,13420
元朗,元朗官立小學 (非住宅),22/01/2022,13427
屯門,黃金海岸酒店 (非住宅),22/01/2022,13448
東區,愛東商場 譚仔雲南米線 (非住宅),22/01/2022,13452
大埔,寶鄉街108號地下 鴻利茶餐廳 (非住宅),22/01/2022,13476
黃大仙,環鳳街18B地下 (非住宅),22/01/2022,13477
大埔,寶湖花園 (非住宅),22/01/2022,13476
大埔,寶湖花園 海港酒家 (非住宅),22/01/2022,13476
葵青,昌發大廈 奶茶咖啡室 (非住宅),22/01/2022,13489
黃大仙,環鳳街24-28號地下 明記粉麵茶餐廳 (非住宅),22/01/2022,13481
葵青,美達中心 (非住宅),22/01/2022,13489
葵青,佛教林金殿紀念小學 (非住宅),22/01/2022,13507
油尖旺,忠和商業中心 (非住宅),22/01/2022,13508
油尖旺,K11 購物藝術館 (非住宅),22/01/2022,13507
油尖旺,洋松街67B號 得龍越南菜館 (非住宅),22/01/2022,13539
大埔,寶華樓 佰味山西刀削麵 (非住宅),22/01/2022,13530
葵青,葵涌邨雅葵樓 (非住宅),22/01/2022,13591
黃大仙,慈雲山中心 百匯軒 (非住宅),22/01/2022,13591
九龍城,勝利道24號 富華燒味餐廳 (非住宅),22/01/2022,13614
黃大仙,黃大仙中心 大快活 (非住宅),22/01/2022,13622
大埔,汀角路29-35號 明星皇宮 (非住宅),22/01/2022,13684
九龍城,萬國殯儀館 (非住宅),22/01/2022,13684
觀塘,孔雀樓 翡翠冰室 (非住宅),22/01/2022,13692
觀塘,宜安街街市 (非住宅),22/01/2022,13692
中西區,正街街市 (非住宅),22/01/2022,13758
西貢,彩明苑彩柳閣 (非住宅),22/01/2022,13823
油尖旺,美麗華商場1期 牛角Buffet (非住宅),22/01/2022,13859
油尖旺,美麗華商場2期 (非住宅),22/01/2022,13859
深水埗,保安道市政大廈 (非住宅),22/01/2022,13875
深水埗,義華大廈 蘇山雞飯 (非住宅),22/01/2022,13874
沙田,沙田街市 (非住宅),22/01/2022,13903
東區,永利中心 永利茶餐廳 (非住宅),22/01/2022,13930
中西區,華懋大廈 大家樂 (非住宅),22/01/2022,13972
沙田,新港城中心 三和燒臘小廚茶餐廳 (非住宅),22/01/2022,14042
觀塘,鯉魚門廣場 銀龍粉麵茶餐廳 (非住宅),22/01/2022,14263
油尖旺,海港城 (非住宅),23/01/2022,"13072, 13092, 13322, 13427, 13821"
沙田,頌安商場 (非住宅),23/01/2022,"13093, 13142, 13755"
油尖旺,半島酒店 (非住宅),23/01/2022,"13122, 13678"
屯門,大興邨興平樓 (非住宅),23/01/2022,"13243, 13796"
元朗,順發大廈 群星閣海鮮酒家 (非住宅),23/01/2022,13292
荃灣,荃薈 (非住宅),23/01/2022,"13306, 13307, 13402, 13420, 13426, 13428"
荃灣,荃新天地二期 (非住宅),23/01/2022,"13340, 13697"
黃大仙,鳳凰大樓地下 (非住宅),23/01/2022,"13370, 13481, 13694"
北區,粉嶺名都商場 德興茶餐廳 (非住宅),23/01/2022,13391
荃灣,荃灣眾安街47號地下 (非住宅),23/01/2022,13426
東區,愛東商場 (非住宅),23/01/2022,13452
觀塘,南泰大樓地下 (非住宅),23/01/2022,13465
黃大仙,荷里活廣場 小王牛肉麵 (非住宅),23/01/2022,13477
黃大仙,健康樓 富堡茶餐廳 (非住宅),23/01/2022,13481
荃灣,荃灣千色匯 2 (非住宅),23/01/2022,13508
沙田,駿洋邨駿時樓 (非住宅),23/01/2022,"13533, 13595"
油尖旺,永安九龍中心 (非住宅),23/01/2022,13530
沙田,駿洋商場 (非住宅),23/01/2022,13595
黃大仙,慈雲山中心 堅信號上海生煎皇 (非住宅),23/01/2022,13591
荃灣,愉景新城 泰2.0 (非住宅),23/01/2022,13608
離島,東薈城 (非住宅),23/01/2022,13616
東區,藍灣半島商場 德馨苑海鮮酒家 (非住宅),23/01/2022,13614
油尖旺,聯合廣場 (非住宅),23/01/2022,13678
觀塘,APM (非住宅),23/01/2022,13678
大埔,海寶花園 蕃滿門 (非住宅),23/01/2022,13684
荃灣,新界南總區總部 (非住宅),23/01/2022,13718
東區,康怡廣場(南) (非住宅),23/01/2022,13758
東區,康怡廣場(南) 茶房別天神 (非住宅),23/01/2022,13758
離島,富東廣場 大家樂 (非住宅),23/01/2022,13769
觀塘,MegaBox (非住宅),23/01/2022,13765
葵青,新都會廣場 元気寿司 (非住宅),23/01/2022,13770
荃灣,荃灣千色匯2期 Pokka Café (非住宅),23/01/2022,13789
荃灣,荃灣龍母廟 (非住宅),23/01/2022,13789
東區,皇冠大廈地下 (非住宅),23/01/2022,13821
中西區,國際金融中心 (非住宅),23/01/2022,13821
荃灣,石圍角邨石菊樓 (非住宅),23/01/2022,"13847, 13972"
觀塘,1亞太中心 極尚大瀛喜日本料理 (非住宅),23/01/2022,13874
觀塘,坪石邨停車場地下 麥當勞 (非住宅),23/01/2022,13880
中西區,華豐燒臘 (非住宅),23/01/2022,13972
黃大仙,彩雲商場 仁和堂龜苓膏專門店 (非住宅),23/01/2022,14006
離島,東薈城 芽莊越式料理 (非住宅),23/01/2022,14067
沙田,博康邨熟食檔 劉萬利美食 (非住宅),23/01/2022,14102
油尖旺,港威商場 (非住宅),23/01/2022,14122
油尖旺,海運大廈 幸匠燒 (非住宅),23/01/2022,14122
葵青,葵盛東商場 (非住宅),23/01/2022,14160
觀塘,鯉魚門廣場 麥當勞 (非住宅),23/01/2022,14263
葵青,大窩口商場 金百樂海鮮酒家 (非住宅),24/01/2022,"13117, 13194, 13217, 13274, 13275, 13781"
葵青,仁雅大廈 紅茶 (非住宅),24/01/2022,"13194, 13197, 13232, 13291, 13620"
荃灣,百悅坊 龍廷粵菜廳 (非住宅),24/01/2022,"13261, 13348, 13447"
葵青,大窩口商場 譚仔三哥米線 (非住宅),24/01/2022,"13446, 13762"
離島,國泰航空貨運站 (非住宅),24/01/2022,13476
葵青,葵福大廈 金星餐廳 (非住宅),24/01/2022,13476
大埔,培錦樓 金龍冰室 (非住宅),24/01/2022,13476
西貢,香港道教聯合會圓玄學院第三中學 (非住宅),24/01/2022,"13470, 13855"
油尖旺,宏昌大廈倉庫 (非住宅),24/01/2022,13476
黃大仙,竹園廣場 (非住宅),24/01/2022,13480
黃大仙,竹園廣場 明星海鮮燒鵝專門店 (非住宅),24/01/2022,13480
九龍城,萬基大廈 (非住宅),24/01/2022,13506
黃大仙,環鳳街40-44號 來多客 (非住宅),24/01/2022,"13526, 13527"
油尖旺,佐敦道39號 安園餐廳 (非住宅),24/01/2022,13530
油尖旺,民眾安全服務隊總部 (非住宅),24/01/2022,13530
沙田,新城市商業大廈 (非住宅),24/01/2022,13533
荃灣,荃豐中心 (非住宅),24/01/2022,13566
油尖旺,旺角中心 龍城冰室 (非住宅),24/01/2022,13592
黃大仙,正鳳樓 金滿海鮮坊 (非住宅),24/01/2022,13591
葵青,大窩口邨富德樓 (非住宅),24/01/2022,13591
觀塘,創紀之城6期 (非住宅),24/01/2022,13591
黃大仙,慈雲山中心 大快活 (非住宅),24/01/2022,13591
荃灣,荃灣中心地下 (非住宅),24/01/2022,13608
荃灣,富麗花園商場地下 (非住宅),24/01/2022,13609
荃灣,荃灣中心 大家樂 (非住宅),24/01/2022,13608
東區,德宏大廈 (非住宅),24/01/2022,13613
灣仔,瑞安中心 (非住宅),24/01/2022,13613
深水埗,北河街171號 寶德茶餐廳 (非住宅),24/01/2022,13625
離島,東薈城 Wheatfield X 羅宋湯專門店 (非住宅),24/01/2022,"13620, 13846"
黃大仙,黃大仙中心 (非住宅),24/01/2022,13622
黃大仙,黃大仙中心 美心MX (非住宅),24/01/2022,13622
屯門,東威閣 五味茶餐廳 (非住宅),24/01/2022,13716
北區,嘉福商場 (非住宅),24/01/2022,13754
屯門,仁愛街市 (非住宅),24/01/2022,13753
黃大仙,新光中心2座 泉成茶餐廳 (非住宅),24/01/2022,13766
西貢,海悅豪園商場 真味鮮廚 (非住宅),24/01/2022,13765
油尖旺,通菜街97號 阿來泰式地道風味 (非住宅),24/01/2022,13770
元朗,萬鈞伯裘書院 (非住宅),24/01/2022,13788
北區,九巴上水石湖墟車廠 (非住宅),24/01/2022,13795
油尖旺,上海街595號 荷里活冰室 (非住宅),24/01/2022,13825
觀塘,淘大花園 甜入心 (非住宅),24/01/2022,13822
觀塘,順利邨利溢樓 (非住宅),24/01/2022,13823
觀塘,得寶花園商場 譚仔三哥米線 (非住宅),24/01/2022,13822
元朗,富寧樓 四季燒臘茶餐廳 (非住宅),24/01/2022,13849
荃灣,廣益大廈 漁川米線 (非住宅),24/01/2022,13874
九龍城,蕪湖街48號 上海真真豆漿大王 (非住宅),24/01/2022,13931
葵青,新都會廣場 敏華冰廳 (非住宅),24/01/2022,"13933, 13972"
中西區,尚樓餐廳 (非住宅),24/01/2022,13972
九龍城,土瓜灣市政大廈暨政府合署 (非住宅),24/01/2022,13973
中西區,國際金融中心二期 (非住宅),24/01/2022,13972
灣仔,囍寓 麥當勞 (非住宅),24/01/2022,14099
葵青,石籬商場1期 中興牛雜達人 (非住宅),24/01/2022,14119
沙田,名城1期5座 (非住宅),24/01/2022,14122
油尖旺,文華商場 沙嗲王 (非住宅),24/01/2022,14169
沙田,村南道51號 紅茶冰室 (非住宅),24/01/2022,14246
屯門,富泰商場 肯德基 (非住宅),24/01/2022,14240
屯門,V city (非住宅),25/01/2022,"12654, 12708, 12966, 12988, 14060"
荃灣,明華工業大廈 (非住宅),25/01/2022,"13191, 13389, 13610"
油尖旺,雅蘭中心 (非住宅),25/01/2022,"13202, 13771"
葵青,大窩口商場 大家樂 (非住宅),25/01/2022,"13253, 13303, 13771"
觀塘,宏天廣場 (非住宅),25/01/2022,"13336, 13874"
葵青,葵涌廣場 吉野家 (非住宅),25/01/2022,"13353, 14035"
油尖旺,朗豪坊 (非住宅),25/01/2022,"13507, 13771"
屯門,良景商場 (非住宅),25/01/2022,13565
屯門,良景商場 祥景茶餐廳 (非住宅),25/01/2022,13565
中西區,康威花園 北園酒家 (非住宅),25/01/2022,13591
荃灣,悅來坊 生記海鮮酒家 (非住宅),25/01/2022,13609
觀塘,秀茂坪商場 (非住宅),25/01/2022,13611
離島,國泰城 (非住宅),25/01/2022,"13620, 13846"
黃大仙,黃大仙中心 大家樂 (非住宅),25/01/2022,13622
離島,逸東商場地下 (非住宅),25/01/2022,13697
離島,逸東商場 麥當勞 (非住宅),25/01/2022,13697
屯門,置樂花園4座地下 (非住宅),25/01/2022,13716
屯門,三聖商場 青山灣漁港 (非住宅),25/01/2022,13716
屯門,華都商場 秋田日本料理 (非住宅),25/01/2022,13716
觀塘,淘大花園2期 譚仔雲南米線 (非住宅),25/01/2022,13757
觀塘,淘大商場3期 (非住宅),25/01/2022,13757
屯門,置樂花園商場 (非住宅),25/01/2022,13753
中西區,卑路乍街35A號地下 (非住宅),25/01/2022,13758
屯門,嘉喜利大廈 (非住宅),25/01/2022,13753
灣仔,新鴻基中心 (非住宅),25/01/2022,"13765, 13773"
黃大仙,黃大仙中心南館 麥當勞 (非住宅),25/01/2022,13766
黃大仙,竹園南邨富園樓 (非住宅),25/01/2022,13773
葵青,新都會廣場 燒肉Like (非住宅),25/01/2022,13771
油尖旺,信和中心 (非住宅),25/01/2022,13771
元朗,俊宏軒商場 (非住宅),25/01/2022,13788
荃灣,香車街街市 (非住宅),25/01/2022,13789
深水埗,欽洲街西36號 (非住宅),25/01/2022,13814
觀塘,鱷魚恤中心 極尚大喜屋 (非住宅),25/01/2022,13826
油尖旺,新亞大樓 魚蛋哥 (非住宅),25/01/2022,13825
觀塘,裕民大廈地下 (非住宅),25/01/2022,13849
黃大仙,錦安樓 (非住宅),25/01/2022,13848
油尖旺,君臨天下2座 (非住宅),25/01/2022,13843
觀塘,輔成樓地下 (非住宅),25/01/2022,13854
九龍城,翔龍灣廣場 太興 (非住宅),25/01/2022,13874
黃大仙,彩雲(一)邨白鳳樓 (非住宅),25/01/2022,"13876, 13877, 13926"
離島,政府飛行服務隊總部 (非住宅),25/01/2022,13905
屯門,良景市集 (非住宅),25/01/2022,13905
油尖旺,茂林商業大廈 (非住宅),25/01/2022,13907
油尖旺,文輝樓 老趙越南餐廳 (非住宅),25/01/2022,13918
東區,怡順街1-3號 威利華餐廳 (非住宅),25/01/2022,"13929, 13939"
沙田,置富第一城 譚仔三哥米線 (非住宅),25/01/2022,13969
元朗,俊宏軒地下 (非住宅),25/01/2022,13971
沙田,京瑞廣場1期 (非住宅),25/01/2022,13980
荃灣,柴灣角熟食市場 (非住宅),25/01/2022,14014
葵青,新都會廣場 麥當勞 (非住宅),25/01/2022,14035
油尖旺,香港西九龍站 (非住宅),25/01/2022,14041
西貢,港鐵康城站 (非住宅),25/01/2022,14040
葵青,美華工業大廈 (非住宅),25/01/2022,14075
沙田,新城市中央廣場2座 (非住宅),25/01/2022,14072
沙田,沙角商場 美景牛雜粉麵 (非住宅),25/01/2022,14102
荃灣,海之戀商場 海灣冰室 (非住宅),25/01/2022,14119
屯門,康麗花園地下 (非住宅),25/01/2022,14240
沙田,新田圍商場 (非住宅),25/01/2022,14246
沙田,新城市廣場 滿記甜品 (非住宅),25/01/2022,14267
沙田,沙田中心 肯德基 (非住宅),25/01/2022,14267
西貢,TKO Gateway (西翼) 聰嫂·原素 (非住宅),25/01/2022,14263
屯門,山景商場 (非住宅),25/01/2022,14323
灣仔,富通大廈 Pacific Coffee (非住宅),25/01/2022,14331
葵青,葵涌商場 (非住宅),26/01/2022,"13085, 13111, 13128, 13129, 13131, 13133, 13134, 13145, 13159, 13167, 13171, 13182, 13183, 13184, 13185, 13187, 13190, 13191, 13194, 13196, 13197, 13198, 13199, 13203, 13204, 13207, 13208, 13209, 13211, 13212, 13213, 13215, 13219, 13224, 13226, 13229, 13230, 13231, 13233, 13234, 13235, 13240, 13241, 13242, 13243, 13248, 13254, 13258, 13262, 13273, 13274, 13275, 13280, 13286, 13288, 13291, 13297, 13298, 13302, 13303, 13321, 13324, 13326, 13345, 13352, 13360, 13361, 13368, 13369, 13373, 13376, 13396, 13431, 13439, 13444, 13445, 13454, 13462, 13467, 13469, 13503, 13507, 13536, 13551, 13585, 13597, 13598, 13599, 13653, 13696, 13717, 13771, 13781, 14058"
離島,藍天海岸 (非住宅),26/01/2022,"13091, 13097, 13843"
沙田,新港城中心 (非住宅),26/01/2022,"13093, 13980"
離島,逸東商場 (非住宅),26/01/2022,"13220, 13294, 13375, 13451, 13846, 13878"
荃灣,悅來坊 (非住宅),26/01/2022,"13275, 13306, 13330, 13340, 13348, 13363, 13428, 13432, 13565, 13608, 13609, 13762, 13789, 13972"
葵青,恒景商場 (非住宅),26/01/2022,"13338, 13875"
觀塘,觀塘廣場 譚仔雲南米線 (非住宅),26/01/2022,"13381, 14247"
黃大仙,雙鳳街街市 (非住宅),26/01/2022,"13382, 13622, 13694, 14070"
大埔,富萊花園 稻香.茶居 (非住宅),26/01/2022,"13684, 14005"
黃大仙,飛鳳街36-40號 金滿海鮮坊 (非住宅),26/01/2022,"13693, 13694"
黃大仙,慈雲山中心 (非住宅),26/01/2022,13690
屯門,富泰商場 翠河餐廳 (非住宅),26/01/2022,13716
九龍城,獻主會聖母院書院 (非住宅),26/01/2022,13757
葵青,新都會廣場 星巴克咖啡 (非住宅),26/01/2022,13770
沙田,積福街84號 金城茶餐廳 (非住宅),26/01/2022,"13808, 14054"
觀塘,其士商業中心 譚仔雲南米線 (非住宅),26/01/2022,13813
黃大仙,彩雲商場 大快活 (非住宅),26/01/2022,13812
觀塘,淘大花園 (非住宅),26/01/2022,13820
中西區,遠東金融中心 香港地 (非住宅),26/01/2022,"13824, 13990"
黃大仙,彩虹邨金漢樓地下 (非住宅),26/01/2022,13823
中西區,國際金融中心 Isola Bar & Grill (非住宅),26/01/2022,13822
油尖旺,朗豪坊 麥當勞 (非住宅),26/01/2022,13825
油尖旺,胡社生行 大家樂 (非住宅),26/01/2022,13825
離島,映灣園1期賞濤軒5座 (非住宅),26/01/2022,13843
離島,東環1期5A座 (非住宅),26/01/2022,13843
離島,映灣園3期悅濤軒9座 (非住宅),26/01/2022,13843
離島,迎東商場 意樂餐廳 (非住宅),26/01/2022,13843
油尖旺,嘉業大廈 麥當勞 (非住宅),26/01/2022,13858
荃灣,石荷樓1樓 (非住宅),26/01/2022,"13876, 13877"
油尖旺,中銀太子大樓 (非住宅),26/01/2022,13877
葵青,港鐵太子站 點點綠 (非住宅),26/01/2022,13877
荃灣,仁濟醫院鄭裕彤兒童成長發展中心 (非住宅),26/01/2022,"13876, 13926"
沙田,新城市廣場 麥當勞 (非住宅),26/01/2022,13880
九龍城,聖羅撒學校 (非住宅),26/01/2022,13918
觀塘,Two Harbour Square 日日香鵝肉飯店 (非住宅),26/01/2022,"13919, 14041"
九龍城,永德大廈 大家樂 (非住宅),26/01/2022,13915
東區,漁灣街市 (非住宅),26/01/2022,"13929, 13930, 13939"
荃灣,荃灣廣場 euro go go (非住宅),26/01/2022,13933
沙田,李卓敏基本醫學大樓 (非住宅),26/01/2022,13940
觀塘,怡生工業大廈 (非住宅),26/01/2022,13944
元朗,俊宏軒第9座地下 (非住宅),26/01/2022,13971
元朗,山洞火鍋 (非住宅),26/01/2022,13971
葵青,大窩口社區中心 (非住宅),26/01/2022,13976
荃灣,荃灣廣場 Eurogogo (非住宅),26/01/2022,13972
黃大仙,新光中心 廣東燒味餐廳 (非住宅),26/01/2022,13997
觀塘,製衣業訓練局九龍灣訓練中心 (非住宅),26/01/2022,14000
大埔,太和邨麗和樓地下 (非住宅),26/01/2022,14005
觀塘,安達商場 (非住宅),26/01/2022,14006
葵青,榮芳街街市 (非住宅),26/01/2022,"14004, 14035"
沙田,頌安商場 時代冰室 (非住宅),26/01/2022,"14041, 14042"
灣仔,登龍閣 悉尼樂園 (非住宅),26/01/2022,14040
黃大仙,鳳凰村大廈地下 (非住宅),26/01/2022,14048
葵青,葵興商場 檸檬冰室 (非住宅),26/01/2022,14059
油尖旺,佐敦薈 凱日精品粤菜館 (非住宅),26/01/2022,14067
黃大仙,荷里活廣場 麥當勞 (非住宅),26/01/2022,14072
葵青,永祥工業大廈 (非住宅),26/01/2022,14075
西貢,寶寧路28號地下 (非住宅),26/01/2022,14108
西貢,明德商場 荷蘭冰室 (非住宅),26/01/2022,"14104, 14108"
葵青,昌榮樓 家家樂餐廳 (非住宅),26/01/2022,14119
深水埗,愛海頌1座 (非住宅),26/01/2022,14118
中西區,威勝商業大廈 德勝小廚 (非住宅),26/01/2022,14118
西貢,新都城中心2期 復興牛什魚蛋 (非住宅),26/01/2022,14121
荃灣,荃灣千色匯1期 馬六 (非住宅),26/01/2022,14131
葵青,葵芳邨葵健樓 (非住宅),26/01/2022,14167
沙田,沙角熟食中心 劉萬利咖啡粉麵 (非住宅),26/01/2022,14161
東區,食物環境衞生署漁灣街市及熟食中心 (非住宅),26/01/2022,14189
東區,金源商場 冠華冰廳 (非住宅),26/01/2022,14189
油尖旺,利民大樓 港城粉麵茶餐廳 (非住宅),26/01/2022,14192
沙田,新田村73號 金順茶餐廳 (非住宅),26/01/2022,14246
元朗,天一商城 禦皇燒臘餐廳 (非住宅),26/01/2022,14240
灣仔,華潤大廈 (非住宅),26/01/2022,14267
觀塘,大本型 北海道牧場 (非住宅),26/01/2022,14263
大埔,逸瓏坊地下 (非住宅),26/01/2022,14267
東區,益高工業大廈 一豐味 (非住宅),26/01/2022,14263
中西區,聯安新樓 阿元菜市場 (非住宅),26/01/2022,14314
中西區,念慈樓 多寶樂茶餐廳 (非住宅),26/01/2022,14314
深水埗,桂林街38A號 新香園 (非住宅),26/01/2022,14320
荃灣,荃灣千色匯1期 越北 (非住宅),26/01/2022,14325
灣仔,瑞安中心 Delifrance (非住宅),26/01/2022,14331
灣仔,希慎廣場 (非住宅),27/01/2022,"12872, 13012, 14138"
油尖旺,旺角中心 (非住宅),27/01/2022,"13088, 13312, 14246"
荃灣,香港港安醫院—荃灣 (非住宅),27/01/2022,"13145, 13287, 13289, 13306, 14044, 14120"
葵青,長發廣場 意樂餐廳 (非住宅),27/01/2022,"13170, 14055"
荃灣,如心廣場 (非住宅),27/01/2022,"13340, 14054"
東區,小西灣廣場 (非住宅),27/01/2022,"13614, 13860"
元朗,天一商城 魚眾不同酸菜魚 (非住宅),27/01/2022,"13808, 14054"
元朗,天瑞商場 (非住宅),27/01/2022,"13807, 13971"
九龍城,佳富樓 匠心 (非住宅),27/01/2022,"13875, 14155"
九龍城,黃埔花園5及6期 (非住宅),27/01/2022,13875
九龍城,黃埔天地 九號水產 (非住宅),27/01/2022,13875
荃灣,昌耀大廈 大家樂 (非住宅),27/01/2022,13926
觀塘,宏利金融中心A座 (非住宅),27/01/2022,13920
東區,翠樂邨翠祿樓 (非住宅),27/01/2022,"13929, 13930, 13939, 13981"
荃灣,荃灣千色匯I期 釣魚翁 燒鵝．海鮮飯店 (非住宅),27/01/2022,13945
觀塘,牛頭角市政大廈 (非住宅),27/01/2022,14006
葵青,寬德大廈地下 川味美食 (非住宅),27/01/2022,"14035, 14036"
黃大仙,廣發大廈地下 (非住宅),27/01/2022,"14034, 14074"
葵青,葵芳廣場 雲貴軒米線專門店 (非住宅),27/01/2022,"14035, 14036"
觀塘,觀塘廣場 龍寶酒家 (非住宅),27/01/2022,14031
沙田,新田村73號地下 金順茶餐廳 (非住宅),27/01/2022,14042
元朗,開心廣場 (非住宅),27/01/2022,14054
葵青,長榮工業大廈 (非住宅),27/01/2022,14075
黃大仙,富山邨熟食檔 (非住宅),27/01/2022,14072
黃大仙,富山邨富仁樓地下 (非住宅),27/01/2022,14072
大埔,大宏街6-8號 (非住宅),27/01/2022,14080
油尖旺,彌敦道498-500號 紅茶冰室 (非住宅),27/01/2022,14102
中西區,港鐵堅尼地城站 (非住宅),27/01/2022,14102
沙田,沙角商場 半島冰廳 (非住宅),27/01/2022,14102
荃灣,荃薈 大快活 (非住宅),27/01/2022,14105
荃灣,卓悅大廈 (非住宅),27/01/2022,14111
葵青,葵盛東商場 明星海鮮酒家 (非住宅),27/01/2022,14119
東區,筲箕灣道112-114號 (非住宅),27/01/2022,14127
灣仔,東角中心(舊翼) (非住宅),27/01/2022,14127
北區,花都廣場 (非住宅),27/01/2022,14125
東區,北角海逸酒店 (非住宅),27/01/2022,14127
東區,民新大廈 (非住宅),27/01/2022,14127
荃灣,卓明大廈 (非住宅),27/01/2022,14131
深水埗,長沙灣廣場 富臨漁港 (非住宅),27/01/2022,14138
葵青,長康邨康泰樓 百份百餐廳 (非住宅),27/01/2022,14132
九龍城,百合苑商場 九號水產 (非住宅),27/01/2022,14155
九龍城,黃埔新天地第5及6期 (非住宅),27/01/2022,14155
油尖旺,香港逸東酒店 (非住宅),27/01/2022,14163
東區,仁寶閣地下 (非住宅),27/01/2022,14165
東區,北角匯 牛牛日式火鍋放題 (非住宅),27/01/2022,14164
屯門,建生商場 廚皇茶餐廳 (非住宅),27/01/2022,14168
觀塘,坪石邨 (非住宅),27/01/2022,14163
大埔,廣福邨廣平樓地下 (非住宅),27/01/2022,14177
黃大仙,彩雲商場 彩龍皇宮大酒樓 (非住宅),27/01/2022,14189
東區,威菲路道2號 威飛食店 (非住宅),27/01/2022,14192
葵青,金祿樓 尚品小廚 (非住宅),27/01/2022,14192
中西區,中環李錦記 (非住宅),27/01/2022,14192
元朗,金倫大厦 老上海錕飩舖 (非住宅),27/01/2022,14251
沙田,科學園12W大樓地下 (非住宅),27/01/2022,14267
沙田,海福商場 金城小廚 (非住宅),27/01/2022,14298
沙田,瀝源街市 盛記麵家 (非住宅),27/01/2022,14298
北區,張知行大廈 海港酒家 (非住宅),27/01/2022,14314
北區,花都廣場 福滿庭酒家 (非住宅),27/01/2022,14314
油尖旺,金雞廣場 真味鮮廚 (非住宅),27/01/2022,14315
中西區,泛海大廈 (非住宅),27/01/2022,14327
九龍城,九龍城廣場 馥苑海鮮酒家 (非住宅),27/01/2022,14327
九龍城,九龍城市政大廈 (非住宅),27/01/2022,14327
元朗,天耀廣場 (非住宅),27/01/2022,14331
葵青,新都會廣場 (非住宅),28/01/2022,"12654, 12708, 13100, 13124, 13193, 13224, 13250, 13276, 13338, 13859, 14035, 14036, 14169"
離島,香港國際機場 (非住宅),28/01/2022,"13116, 13612, 13945, 14013"
灣仔,稅務大樓 (非住宅),28/01/2022,"13188, 14125, 14267, 14331"
荃灣,荃灣千色匯1期 (非住宅),28/01/2022,"13197, 13363, 13373, 14131"
屯門,屯門市廣場1期 (非住宅),28/01/2022,"13448, 14060, 14260"
深水埗,北河街市政大廈 (非住宅),28/01/2022,"13681, 14031, 14137, 14324"
離島,富東廣場 (非住宅),28/01/2022,"13793, 13846, 13981, 14065"
觀塘,恆生工業大廈 (非住宅),28/01/2022,13919
沙田,沙角商場 (非住宅),28/01/2022,"13990, 14102, 14161"
荃灣,富麗商場 麥當勞 (非住宅),28/01/2022,14004
黃大仙,彩雲商場 麥當勞 (非住宅),28/01/2022,14031
大埔,太和商場 麥當勞 (非住宅),28/01/2022,14043
葵青,青衣市政大廈 (非住宅),28/01/2022,14055
觀塘,油麗商場地下 (非住宅),28/01/2022,14061
黃大仙,中銀慈雲山大樓 (非住宅),28/01/2022,14075
深水埗,香港城市大學 (非住宅),28/01/2022,14076
黃大仙,慈康邨地下 (非住宅),28/01/2022,14073
油尖旺,鴻威大廈 老北京餛飩皇 (非住宅),28/01/2022,"14074, 14075"
黃大仙,慈雲山中心 大家樂 (非住宅),28/01/2022,14073
黃大仙,慈雲山中心 桃園制作粥麵餐廳 (非住宅),28/01/2022,"14073, 14152"
灣仔,駱克道151號 大家樂 (非住宅),28/01/2022,14099
黃大仙,彩雲商場 成發餐廳 (非住宅),28/01/2022,"14095, 14189"
屯門,珀御地下 BYOB Coffee Roaster (非住宅),28/01/2022,14096
觀塘,南華工業大廈 (非住宅),28/01/2022,14094
灣仔,修頓中心 (非住宅),28/01/2022,14099
元朗,大橋街市 (非住宅),28/01/2022,"14098, 14240"
灣仔,胡忠大廈 (非住宅),28/01/2022,14099
觀塘,清水灣道8號匯八坊 (非住宅),28/01/2022,14107
大埔,八號花園地下 八號餐廳 (非住宅),28/01/2022,14100
油尖旺,港九潮州公會中學 (非住宅),28/01/2022,14107
油尖旺,新世紀廣場 元気寿司 (非住宅),28/01/2022,14100
油尖旺,新世紀廣場 韓樂餐廳 (非住宅),28/01/2022,14107
西貢,寶林商場 (非住宅),28/01/2022,14108
葵青,北葵涌街市 (非住宅),28/01/2022,"14119, 14158, 14253"
葵青,石籬商場1期 東海粥品 (非住宅),28/01/2022,14119
葵青,石籬商場2期 (非住宅),28/01/2022,14119
葵青,石籬商場2期 百份百餐廳 (非住宅),28/01/2022,14119
沙田,富安花園商場 (非住宅),28/01/2022,14122
葵青,長青邨青葵樓 (非住宅),28/01/2022,14127
油尖旺,九龍草地滾球會 (非住宅),28/01/2022,14121
西貢,新都城中心1期 (非住宅),28/01/2022,14121
北區,雍盛苑雍薈閣 (非住宅),28/01/2022,14125
中西區,荷李活道52號 Lassana (非住宅),28/01/2022,14138
油尖旺,廣華街22號地下 (非住宅),28/01/2022,14138
屯門,恒福商場 大快活 (非住宅),28/01/2022,14135
油尖旺,國際廣場 (非住宅),28/01/2022,14138
油尖旺,彌敦道26號 (非住宅),28/01/2022,14142
觀塘,中海日升中心 Why Not Bowl? (非住宅),28/01/2022,14141
大埔,寳湖街街市 (非住宅),28/01/2022,14143
大埔,大埔超級城 翠園 (非住宅),28/01/2022,"14142, 14143"
觀塘,聯僑廣場 (非住宅),28/01/2022,14141
荃灣,梨木樹商場 (非住宅),28/01/2022,14158
黃大仙,慈康邨康添樓 (非住宅),28/01/2022,14152
灣仔,軒尼詩道449號地下 (非住宅),28/01/2022,14164
油尖旺,新世紀廣場 敏華冰廳 (非住宅),28/01/2022,14161
東區,新和富大廈 月見日本料理 (非住宅),28/01/2022,14164
沙田,沙角商場 仁和堂龜苓膏專門店 (非住宅),28/01/2022,14161
油尖旺,希爾頓大廈 (非住宅),28/01/2022,14178
油尖旺,好時中心 (非住宅),28/01/2022,14178
沙田,培僑書院 (非住宅),28/01/2022,14177
沙田,沙田賽馬會綜合大樓 (非住宅),28/01/2022,14177
沙田,仁安醫院 (非住宅),28/01/2022,14177
黃大仙,彩虹邨金碧樓 至尊中日美食 (非住宅),28/01/2022,14194
黃大仙,彩雲(二)邨明麗樓 (非住宅),28/01/2022,14193
屯門,保良局莊啟程第二小學 (非住宅),28/01/2022,14205
屯門,大興商場 (非住宅),28/01/2022,14205
東區,七姊妹道27號 祥發茶餐小廚 (非住宅),28/01/2022,14229
葵青,好爵中心 名門讌客 (非住宅),28/01/2022,14227
東區,嘉華國際中心 (非住宅),28/01/2022,14229
大埔,8號花園 八號餐廳 (非住宅),28/01/2022,14241
油尖旺,宏貿發展大廈 譚仔雲南米線 (非住宅),28/01/2022,14247
元朗,啟豐園 聯邦皇宮 (非住宅),28/01/2022,14240
大埔,大埔墟街市 (非住宅),28/01/2022,14241
元朗,形點I 家上海 (非住宅),28/01/2022,14240
深水埗,石硤尾邨19座 金沙餐廳 (非住宅),28/01/2022,14264
九龍城,欣榮花園4座 (非住宅),28/01/2022,14268
深水埗,南昌薈 (非住宅),28/01/2022,14260
油尖旺,港威大廈6座 (非住宅),28/01/2022,14265
沙田,美林商場 海港燒鵝海鮮酒家 (非住宅),28/01/2022,14298
觀塘,環球工商大廈 時代冰室 (非住宅),28/01/2022,14307
觀塘,牛頭角救護站 (非住宅),28/01/2022,14307
北區,祥華社區會堂 (非住宅),28/01/2022,14314
北區,粉嶺中心 新釗記茶餐廳 (非住宅),28/01/2022,14314
葵青,葵麗大廈 (非住宅),28/01/2022,14318
葵青,葵寶大廈 潘記麵家 (非住宅),28/01/2022,14318
九龍城,路德會包美達社區中心 (非住宅),28/01/2022,14310
中西區,威靈頓廣場 壽司喰 (非住宅),28/01/2022,14319
沙田,禾輋廣場 金百滬 (非住宅),28/01/2022,"14315, 14326"
深水埗,荔枝角道382號 荔源粥麵店 (非住宅),28/01/2022,14320
屯門,富健花園地下 (非住宅),28/01/2022,14325
黃大仙,匯八坊 (非住宅),28/01/2022,14327
深水埗,耀昌隆大樓 (非住宅),28/01/2022,14320
黃大仙,大成街街市 (非住宅),29/01/2022,"13093, 13539, 14031, 14076"
荃灣,楊屋道市政大廈 (非住宅),29/01/2022,"13104, 13116, 13162, 13172, 13187, 13194, 13200, 13209, 13226, 13229, 13233, 13243, 13246, 13261, 13276, 13286, 13302, 13348, 13357, 13362, 13398, 13847, 13877, 13933, 14014, 14131, 14253, 14313"
葵青,大窩口商場 (非住宅),29/01/2022,"13113, 13117, 13146, 13183, 13184, 13186, 13190, 13198, 13201, 13203, 13216, 13217, 13224, 13225, 13253, 13275, 13278, 13279, 13280, 13298, 13301, 13310, 13330, 13331, 13342, 13343, 13344, 13359, 13373, 13426, 13515, 13551, 13623, 13646, 13671, 13761, 13781, 13934, 13976, 14078"
荃灣,荃灣街市 (非住宅),29/01/2022,"13117, 13323, 13565, 13789, 13877, 14120, 14131"
葵青,葵涌廣場 (非住宅),29/01/2022,"13186, 13193, 13206, 13210, 13215, 13250, 13393, 14227"
離島,映灣薈 (非住宅),29/01/2022,"13335, 13981, 14065, 14066, 14067"
觀塘,牛頭角道165號地下 明星金閣海鮮酒家 (非住宅),29/01/2022,"13330, 14145"
黃大仙,牛池灣市政大廈 (非住宅),29/01/2022,"13399, 13812, 14031, 14118, 14180, 14181"
元朗,元朗廣場 潮館 (非住宅),29/01/2022,"13448, 13716, 13807, 14098"
沙田,偉華中心 (非住宅),29/01/2022,"13506, 14267"
黃大仙,黃大仙中心南館 (非住宅),29/01/2022,"13766, 14062"
油尖旺,新世紀廣場 (非住宅),29/01/2022,"13819, 14100, 14267"
沙田,大圍街市 (非住宅),29/01/2022,"13875, 14246, 14317, 14322"
深水埗,長沙灣廣場 小廚港作 (非住宅),29/01/2022,"13972, 14040, 14321"
黃大仙,新光中心 富臨皇宮 (非住宅),29/01/2022,14031
沙田,沙田循道衛理中學 (非住宅),29/01/2022,"14042, 14104, 14123, 14246, 14317, 14322"
葵青,永業工廠大廈 (非住宅),29/01/2022,"14043, 14100, 14143, 14168"
北區,上水廣場 (非住宅),29/01/2022,14056
油尖旺,莊士倫敦廣場 新新酒樓 (非住宅),29/01/2022,"14067, 14315, 14319, 14320"
屯門,屯門時代廣場 (非住宅),29/01/2022,"14060, 14261"
屯門,屯門市廣場2期 (非住宅),29/01/2022,"14060, 14147, 14260"
黃大仙,采頤花園 大快活 (非住宅),29/01/2022,"14072, 14189"
油尖旺,基督教協進大樓 (非住宅),29/01/2022,14096
油尖旺,金龍中心 (非住宅),29/01/2022,14096
油尖旺,九龍香格里拉大酒店 (非住宅),29/01/2022,14096
油尖旺,The ONE 博多拉麵別天神 (非住宅),29/01/2022,14096
黃大仙,Mikiki (非住宅),29/01/2022,14107
屯門,南豐工業城 (非住宅),29/01/2022,14101
沙田,博康商場 (非住宅),29/01/2022,"14102, 14161"
沙田,博康商場 祥興餐室 (非住宅),29/01/2022,14102
屯門,藍地大街2-6號 燊光 (非住宅),29/01/2022,14135
荃灣,綠楊坊 MX (非住宅),29/01/2022,14131
葵青,美景花園 大快活 (非住宅),29/01/2022,14132
葵青,美景花園 翠苑餐廳 (非住宅),29/01/2022,14132
葵青,葵涌廣場 富華冰室 (非住宅),29/01/2022,14140
東區,明報工業中心A座 (非住宅),29/01/2022,"14163, 14263, 14332"
觀塘,世紀工商中心 地地道 (非住宅),29/01/2022,14168
東區,港利中心 鯨軒食堂 (非住宅),29/01/2022,14163
九龍城,九龍海逸君綽酒店 (非住宅),29/01/2022,14169
九龍城,九龍城廣場 (非住宅),29/01/2022,14169
東區,利都樓 權記雲吞麵 (非住宅),29/01/2022,14165
九龍城,晴朗商場 (非住宅),29/01/2022,14179
沙田,海澄軒海景酒店 (非住宅),29/01/2022,14177
沙田,保良局雨川小學 (非住宅),29/01/2022,14177
中西區,水街9A號 上海維記 (非住宅),29/01/2022,14229
屯門,富泰商場 (非住宅),29/01/2022,14240
屯門,富泰商場 意樂餐廳 (非住宅),29/01/2022,14240
深水埗,青山道336號 巴打冰室 (非住宅),29/01/2022,14254
葵青,石蔭路58號 新香冰廳餅店 (非住宅),29/01/2022,14253
屯門,富益商業大廈 鴻記快餐店 (非住宅),29/01/2022,14254
元朗,聯發樓 撈得喜 (非住宅),29/01/2022,14254
油尖旺,嘉美樓地下 (非住宅),29/01/2022,14268
油尖旺,新世紀廣場 土司工坊 (非住宅),29/01/2022,14267
東區,明報工業中心 明報 (餐廳) (非住宅),29/01/2022,14263
沙田,新城市廣場3期 (非住宅),29/01/2022,14267
屯門,南豐工業城5座 (非住宅),29/01/2022,14273
油尖旺,彌敦道238號 彩薈軒 (非住宅),29/01/2022,"14315, 14320"
北區,花都廣場 九龍冰廳 (非住宅),29/01/2022,14314
沙田,好運中心 德興茶餐廳 (非住宅),29/01/2022,14319
油尖旺,油麻地街市 (非住宅),29/01/2022,14315
屯門,龍門居地下 (非住宅),29/01/2022,14325
深水埗,麗翠商場 88餐廳 (非住宅),29/01/2022,14321
荃灣,荃豐中心商場 (非住宅),29/01/2022,14321
觀塘,順天邨天池樓 (非住宅),29/01/2022,14332
元朗,T Town (非住宅),29/01/2022,14331
元朗,T Town 星巴克 (非住宅),29/01/2022,14331
屯門,新墟街市 (非住宅),30/01/2022,"13374, 14060, 14205, 14240, 14323"
大埔,大埔綜合大樓 (非住宅),30/01/2022,"13448, 13530, 13531, 14005, 14111, 14142"
黃大仙,彩雲商場 (非住宅),30/01/2022,"13541, 13817, 13848, 14006, 14163, 14178, 14193, 14259, 14265, 14312, 14327"
黃大仙,彩雲商場 潮味工房 (非住宅),30/01/2022,"13701, 14181"
元朗,傑文樓 得閒飲茶 (非住宅),30/01/2022,"13716, 14251"
黃大仙,彩雲商場 一粥麵 (非住宅),30/01/2022,"14163, 14189"
東區,港匯東地下 (非住宅),30/01/2022,"14164, 14165"
東區,威德閣 三葉屋 (非住宅),30/01/2022,"14164, 14165"
九龍城,樂富廣場 廿一堂 (非住宅),30/01/2022,14180
西貢,天晉匯2期 廿一堂 (非住宅),30/01/2022,14180
西貢,天晉滙2期 魚米家魚湯米線 (非住宅),30/01/2022,14180
北區,天平商場 (非住宅),30/01/2022,14182
葵青,北葵涌街市及公共圖書館 (非住宅),30/01/2022,14194
葵青,石蔭商場 (非住宅),30/01/2022,14194
中西區,德輔道西226號 (非住宅),30/01/2022,14229
中西區,列聖宮 (非住宅),30/01/2022,14229
元朗,富財樓 聯發燒鵝 (非住宅),30/01/2022,14251
屯門,屯門市廣場 (非住宅),30/01/2022,"14252, 14323"
沙田,香港沙田凱悅酒店 (非住宅),30/01/2022,14267
觀塘,鯉魚門廣場 (非住宅),30/01/2022,14263
觀塘,鯉魚門廣場 亞金叻沙 (非住宅),30/01/2022,14263
沙田,港鐵大學站 MX (非住宅),30/01/2022,14267
觀塘,德田廣場 (非住宅),30/01/2022,14262
大埔,大元街市 (非住宅),30/01/2022,14273
深水埗,北河大廈 (非住宅),30/01/2022,14308
葵青,青衣城 肯德基 (非住宅),30/01/2022,14316
中西區,信德中心 味千拉麵 (非住宅),30/01/2022,14316
中西區,信德中心 星巴克 (非住宅),30/01/2022,14316
荃灣,新領域廣場 (非住宅),30/01/2022,14329
屯門,屯門時代廣場 火水爐花膠館 (非住宅),30/01/2022,14323
油尖旺,中電智能生活 (非住宅),30/01/2022,14330
元朗,天盛商場 銀龍茶餐廳 (非住宅),30/01/2022,14331
葵青,悦品酒店‧荃灣 (非住宅),31/01/2022,"13312, 13892, 14318"
觀塘,德福廣場 (非住宅),31/01/2022,"13765, 14323"
葵青,瑞森工業大廈 (非住宅),31/01/2022,"14075, 14171, 14318"
大埔,太和廣場 細蓉記 (非住宅),31/01/2022,"14080, 14272"
深水埗,美山樓 翠苑餐廳 (非住宅),31/01/2022,14264
深水埗,北河大廈地下 (非住宅),31/01/2022,14264
深水埗,南都大廈地下 (非住宅),31/01/2022,14264
沙田,京瑞廣場1期 彩福皇宴 (非住宅),31/01/2022,14298
沙田,新翠商場 新華苑酒家 (非住宅),31/01/2022,14298
深水埗,欽州街56G號 海港冰廳 (非住宅),31/01/2022,14320
觀塘,曼克頓廣場 (非住宅),31/01/2022,14323
油尖旺,始創中心 潮．悅 (非住宅),31/01/2022,14326
